MATLAB_DATE,TIMESTAMP,STATION,PRESSUREAVG,PRESSUREMAX,PRESSUREMIN,SLPAVG,TEMP2MAVG,TEMP2MMIN,TEMP2MMAX,TEMP10MAVG,TEMP10MMIN,TEMP10MMAX,RELHUM2MAVG,RELHUM2MMAX,RELHUM2MMIN,RELHUM10MAVG,RELHUM10MMAX,RELHUM10MMIN,VPDEFAVG,PRECIP,SRAVG,SR,WSPD2MAVG,WSPD2MMAX,WSPD10MAVG,WSPD10MMAX,WDIR2M,WDIR2MSTD,WDIR10M,WDIR10MSTD,SOILTMP5AVG,SOILTMP5MAX,SOILTMP5MIN,SOILTMP10AVG,SOILTMP10MAX,SOILTMP10MIN,SOILTMP5AVG655,SOILTMP10AVG655,SOILTMP20AVG655,SOILTMP50AVG655,SOILEC5CM,SOILEC10CM,SOILEC20CM,SOILEC50CM,SOILKA5CM,SOILKA10CM,SOILKA20CM,SOILKA50CM,SOILPA5CM,SOILPA10CM,SOILPA20CM,SOILPA50CM,SOILVR5CM,SOILVR10CM,SOILVR20CM,SOILVR50CM,VWC5CM,VWC10CM,VWC20CM,VWC50CM
737211,5/31/2018 0:00,Cherokee,97.66,97.95,97.45,100.66,24.28,17.38,31.4,24.39,17.38,31.4,78.12,100,46.28,78.08,100,46.28,0.83,6.1,250.29,21.62,1.31,7.78,2.17,10.41,214.95,65.79,204.53,67.08,26.8,32.23,21.67,26.28,29.42,23.08,26.4,25.93,25.26,23.12,0.12814,0.10699,0.13852,0.58744,20.32,19.46,21.46,40.12,1.7385,1.7221,1.7706,2.1021,1.1594,1.1316,1.1719,1.7409,0.3491,0.3385,0.3628,0.5109
737212,6/1/2018 0:00,Cherokee,97.8,98.21,97.48,100.77,26,19.56,31.27,26.01,19.56,31.27,73.74,98.55,51.04,75.27,98.55,51.04,0.96,5.59,200.85,17.35,1.46,16.86,2.43,22.17,231.35,61.48,232.26,61.14,27.37,32.12,22.67,26.76,29.32,23.94,26.84,26.26,25.44,23.11,0.13986,0.11113,0.14103,0.59085,21.63,20.24,21.68,40.45,1.768,1.7401,1.7755,2.1071,1.174,1.1367,1.175,1.7453,0.3646,0.3483,0.3654,0.5128
737213,6/2/2018 0:00,Cherokee,97.97,98.21,97.77,100.94,27.8,21.18,33.69,27.87,21.18,33.69,76.3,100,47.9,78.16,100,47.9,1.05,0,226.46,19.57,1.23,5.8,2.09,7.8,143.49,29,136.95,32.97,28.78,34.96,23.43,27.78,31.28,24.43,28.34,27.33,26.09,23.36,0.13835,0.11272,0.14316,0.59716,20.97,19.92,21.71,40.78,1.7537,1.7331,1.7764,2.112,1.1721,1.1386,1.1776,1.7533,0.3571,0.3444,0.3658,0.5147
737214,6/3/2018 0:00,Cherokee,98.2,98.85,97.69,101.18,25.19,18.2,30.4,25.19,18.2,30.4,69.77,89.5,48.47,72.25,89.5,48.47,0.98,0,201.22,17.39,2.58,7.88,4.19,12.52,8.5,83.43,2.62,84.26,27.69,32.19,23.4,27.44,29.53,25.48,27.8,27.33,26.49,23.9,0.1331,0.10855,0.14102,0.60505,20.32,19.5,21.63,41.04,1.7391,1.7231,1.7744,2.116,1.1655,1.1335,1.175,1.7634,0.3494,0.3391,0.3648,0.5162
737215,6/4/2018 0:00,Cherokee,98.91,99.16,98.71,101.97,21.86,15.11,28.44,22.4,15.11,28.44,61.13,91.73,25.1,58.36,91.73,25.1,1.25,0,306.21,26.46,1.41,6.39,2.48,7.72,346.99,27.34,349.86,29.36,26.35,33.51,20.34,26.03,30.14,22.25,26.45,26,25.38,23.67,0.12833,0.10346,0.13488,0.59976,19.76,19.13,21.48,40.82,1.7263,1.7145,1.7709,2.1127,1.1596,1.1272,1.1673,1.7566,0.3425,0.3345,0.363,0.515
737216,6/5/2018 0:00,Cherokee,98.66,99.03,98.26,101.72,21.31,13.47,27.56,21.75,13.47,27.56,66.26,100,31.49,64.96,100,31.49,1.06,0,218.68,18.89,0.85,4.31,1.55,5.53,93.92,45.47,97.8,46.66,25.24,30.22,20.03,25.16,27.96,22.02,25.29,25.1,24.78,23.4,0.1242,0.09999,0.13087,0.59267,19.28,18.83,21.33,40.57,1.7151,1.7072,1.7676,2.1088,1.1544,1.1229,1.1623,1.7476,0.3364,0.3305,0.3614,0.5135
737217,6/6/2018 0:00,Cherokee,98.19,98.41,97.92,101.23,23.44,15.11,30.46,23.81,15.11,30.46,65.8,92.82,38.41,65.29,92.82,38.41,1.2,0,303.16,26.19,0.77,4.53,1.22,5.7,155.23,71.07,142.94,56.88,27.14,34.67,20.47,26.22,30.78,22.06,26.76,25.85,24.92,23.11,0.1272,0.10106,0.12993,0.58565,18.95,18.6,21.21,40.27,1.7077,1.702,1.7648,2.1043,1.1582,1.1243,1.1612,1.7386,0.3321,0.3275,0.3599,0.5118
737218,6/7/2018 0:00,Cherokee,98.15,98.39,97.94,101.16,24.89,17.12,32.34,25.63,17.12,32.34,69.95,99.9,36.49,68.09,99.9,36.49,1.19,0,258.41,22.33,0.77,4.55,1.43,5.47,133.62,63.52,129.54,54.8,27.85,34.38,22.01,27.05,30.84,23.4,27.49,26.63,25.69,23.43,0.12704,0.10287,0.1312,0.58781,18.5,18.33,21.08,40.15,1.6971,1.6956,1.762,2.1025,1.158,1.1265,1.1628,1.7414,0.3261,0.3239,0.3584,0.511
737219,6/8/2018 0:00,Cherokee,98.4,98.68,97.85,101.41,23.79,18.54,28.51,24.32,18.54,28.51,72.98,98.54,49.29,72.41,98.54,49.29,0.9,0,187.31,16.18,1.58,10.07,2.54,12.92,262.55,93,126.15,93.05,26.35,30.01,23.03,26.21,27.83,24.29,26.25,25.95,25.52,23.68,0.12061,0.10162,0.12926,0.58973,18.12,18.02,20.91,39.9,1.688,1.6883,1.7582,2.0988,1.15,1.125,1.1603,1.7438,0.3211,0.3198,0.3564,0.5096
737220,6/9/2018 0:00,Cherokee,98.55,98.8,98.37,101.57,25.33,17.86,32.34,25.65,17.86,32.34,71.9,99.69,42.6,71.92,99.69,42.6,1.1,0,232.51,20.09,1.46,6.04,2.35,7.57,185.75,46.64,181.02,46.26,27,33.33,22.01,26.22,29.95,23.18,26.58,25.78,25.05,23.4,0.11794,0.10174,0.12725,0.58304,17.83,17.81,20.74,39.46,1.681,1.6832,1.7544,2.0922,1.1466,1.1251,1.1578,1.7353,0.3172,0.3169,0.3544,0.507
737221,6/10/2018 0:00,Cherokee,98.44,98.77,98.16,101.44,26.67,20.24,33.29,26.81,20.24,33.29,63.39,85.34,37.64,65.49,85.34,37.64,1.43,0,257.77,22.27,2.28,7.62,3.53,9.88,179.8,21.09,181.94,20.62,28.06,34.52,23.49,27.29,30.52,24.38,27.7,26.82,25.88,23.61,0.1158,0.10373,0.12859,0.58435,17.28,17.53,20.56,39.27,1.6676,1.6766,1.7504,2.0893,1.144,1.1275,1.1595,1.737,0.3095,0.313,0.3522,0.5059
737222,6/11/2018 0:00,Cherokee,97.96,98.25,97.62,100.93,27.25,20.51,33.83,27.39,20.51,33.83,59.54,82.55,31.33,61.57,82.55,31.33,1.62,0,285.99,24.71,2.62,8.84,4.03,10.96,177.1,19.9,178.58,19.02,28.36,34.57,23.4,27.56,31.16,24.39,27.99,27.08,26.15,23.88,0.11162,0.10389,0.12845,0.5853,16.51,17.16,20.33,39.08,1.6488,1.6676,1.7454,2.0865,1.1388,1.1277,1.1593,1.7382,0.2985,0.3078,0.3495,0.5048
737223,6/12/2018 0:00,Cherokee,97.77,98.08,97.59,100.73,28.17,22.52,33.56,28.21,22.52,33.56,64.07,82.85,43.28,66.93,82.85,43.28,1.49,0,297.91,25.74,2.51,7.25,3.85,9.55,173.22,18.78,174.85,17.3,29.44,35.6,24.38,28.4,32.11,25.14,28.96,27.82,26.69,24.16,0.10989,0.10555,0.12972,0.58624,15.62,16.74,20.08,38.84,1.6265,1.6574,1.7398,2.0829,1.1366,1.1298,1.1609,1.7394,0.2852,0.3018,0.3464,0.5034
737224,6/13/2018 0:00,Cherokee,98.23,98.52,97.84,101.23,24.32,18.57,29.67,24.52,18.57,29.67,73.81,98.67,47.66,74.6,98.67,47.66,0.88,20.57,166.87,14.42,1.95,10.84,3.04,13.92,187.84,55.67,185.24,52.88,26.51,30.15,23.09,26.65,28.51,24.51,26.36,26.31,26.12,24.41,0.11585,0.11061,0.13394,0.58949,18.01,19.09,20.92,38.96,1.6846,1.7136,1.7586,2.0848,1.144,1.136,1.1662,1.7435,0.3191,0.3336,0.3565,0.5041
737225,6/14/2018 0:00,Cherokee,98.45,98.69,98.21,101.44,26.79,19.97,32.74,27,19.97,32.74,74.4,99.49,48.03,76.05,99.49,48.03,1.07,0,271.61,23.47,0.65,4.47,1.29,4.88,92.03,42.92,92.87,43.99,28.92,35.81,22.93,27.82,32.01,24.03,28.26,27.19,26.13,24.08,0.11912,0.11204,0.13608,0.58851,18.44,18.83,20.82,39.03,1.6953,1.7078,1.7565,2.0858,1.1481,1.1378,1.1688,1.7423,0.3253,0.3305,0.3553,0.5045
737226,6/15/2018 0:00,Cherokee,98.32,98.54,98.06,101.29,28.27,22.72,33.35,28.46,22.72,33.35,64.62,90.67,40.97,66.66,90.67,40.97,1.51,0,289.93,25.05,2.15,7.68,3.4,9.98,166.04,32.93,166.42,29.24,29.68,35.34,25.14,28.8,32.07,25.91,29.26,28.27,27.22,24.6,0.1153,0.11142,0.13767,0.59593,17.28,18.1,20.57,39.09,1.6675,1.6907,1.7509,2.0868,1.1433,1.137,1.1708,1.7517,0.3094,0.3209,0.3523,0.5048
737227,6/16/2018 0:00,Cherokee,98.19,98.38,97.91,101.16,28.02,22.99,32.82,28.19,22.99,32.82,61.88,79.86,38.26,63.85,79.86,38.26,1.55,0,299.32,25.86,2.45,8.41,3.81,10.9,168.01,26.72,169.37,24.99,29.77,35.23,25.28,28.96,32.14,26.05,29.38,28.42,27.44,24.93,0.10997,0.109,0.13596,0.59767,15.82,17.41,20.25,39,1.6313,1.674,1.7438,2.0856,1.1367,1.134,1.1687,1.7539,0.2882,0.3113,0.3485,0.5043
737228,6/17/2018 0:00,Cherokee,98.2,98.38,98.03,101.17,27.97,22.53,33.22,28.16,22.53,33.22,60.86,80.13,39.61,62.89,80.13,39.61,1.59,0,297.14,25.67,2.45,9.15,3.82,11.05,165.89,22.15,166.83,21.31,29.79,35.36,25.34,29.02,32.27,26.14,29.4,28.46,27.55,25.12,0.10533,0.10731,0.13468,0.59988,14.35,16.72,19.91,38.83,1.5935,1.657,1.7361,2.0831,1.1309,1.132,1.1671,1.7568,0.2653,0.3015,0.3443,0.5033
737229,6/18/2018 0:00,Cherokee,98.41,98.64,98.18,101.39,28.1,23.06,32.76,28.27,23.06,32.76,61.08,78.43,41.66,63.19,78.43,41.66,1.58,0,285.86,24.7,2.31,8.08,3.62,10.76,163.46,21.61,164.9,20.56,29.76,35.2,25.56,29.02,31.89,26.33,29.37,28.46,27.59,25.24,0.10203,0.10487,0.13327,0.60022,12.9,16.02,19.53,38.62,1.5547,1.6395,1.7276,2.0799,1.1268,1.129,1.1653,1.7572,0.2412,0.2912,0.3396,0.502
737230,6/19/2018 0:00,Cherokee,98.52,98.8,98.24,101.51,27.04,22.65,31.77,27.21,22.65,31.77,65.49,83.99,44.73,67.6,83.99,44.73,1.3,0,253.88,21.94,2.35,8.02,3.68,11.17,168.5,29.57,168.31,25.13,29.18,33.93,25.74,28.63,31.24,26.47,28.84,28.11,27.42,25.31,0.09764,0.10087,0.13069,0.59936,11.69,15.33,19.15,38.39,1.5208,1.6218,1.7187,2.0764,1.1213,1.124,1.1621,1.7561,0.2201,0.2808,0.3347,0.5007
737231,6/20/2018 0:00,Cherokee,98.4,98.65,98,101.4,25.99,22.18,30.67,26.06,22.18,30.67,67.87,85.51,46.29,70.49,85.51,46.29,1.14,0,230.58,19.92,2.26,7.35,3.47,9.13,180.84,30.33,180.31,27.33,28.41,32.57,25.4,28.01,30.19,26.12,28.12,27.55,27.01,25.2,0.0924,0.0967,0.1268,0.59614,10.66,14.67,18.75,38.13,1.4904,1.6046,1.7093,2.0724,1.1148,1.1189,1.1573,1.752,0.2009,0.2706,0.3295,0.4992
737232,6/21/2018 0:00,Cherokee,98.06,98.28,97.82,101.06,24.2,20.31,30.21,24.25,20.31,30.21,76.19,92.76,52.07,79.54,92.76,52.07,0.78,0,199.24,17.21,1.76,6.94,2.8,10.56,178.07,39.86,178.87,39.45,27.46,31.27,24.62,27.28,28.79,25.52,27.25,26.89,26.52,25,0.08862,0.09387,0.12267,0.59172,10.04,14.1,18.35,37.86,1.4714,1.5892,1.6998,2.0682,1.1101,1.1154,1.1521,1.7464,0.189,0.2613,0.3242,0.4975
737233,6/22/2018 0:00,Cherokee,97.96,98.24,97.71,100.97,23.78,18.33,29.87,23.64,18.33,29.87,59.37,98.95,29.04,61.46,98.95,29.04,1.36,0,282.81,24.43,2.75,9.31,4.59,13.17,293.59,38,292.43,35.15,26.93,31.4,23.1,26.73,29.07,24.31,26.89,26.44,25.99,24.69,0.08586,0.09152,0.11748,0.58538,9.44,13.51,17.94,37.56,1.4527,1.5735,1.6899,2.0635,1.1067,1.1125,1.1457,1.7383,0.1772,0.2517,0.3187,0.4957
737234,6/23/2018 0:00,Cherokee,97.92,98.21,97.61,100.95,22.51,17.04,28.31,22.42,17.04,28.31,68.47,89.77,43.58,70.78,89.77,43.58,0.97,0,248.69,21.49,1.39,6.82,2.39,8.17,325.99,41.61,326.94,40.99,27.04,32.56,22.87,26.67,29.82,24.12,26.86,26.29,25.81,24.47,0.08274,0.09028,0.11587,0.57995,8.69,12.79,17.44,37.28,1.4288,1.5536,1.6777,2.059,1.1028,1.111,1.1437,1.7314,0.162,0.2394,0.3117,0.494
737235,6/24/2018 0:00,Cherokee,97.83,98.1,97.38,100.83,24.54,18.33,31.68,24.65,18.33,31.68,66.07,90.24,33.93,68.09,90.24,33.93,1.25,0,291.56,25.19,1.12,5.45,1.9,7.47,304.34,94.5,173.48,94.33,28.18,34.27,23.53,27.47,31.07,24.53,27.92,26.97,26.18,24.42,0.08161,0.09076,0.11394,0.57533,8.05,12.05,16.83,37.03,1.408,1.533,1.663,2.055,1.1014,1.1116,1.1413,1.7255,0.1487,0.2264,0.3031,0.4924
737236,6/25/2018 0:00,Cherokee,98.01,98.34,97.66,101.02,22.35,20.03,24.55,22.55,20.03,24.55,82.59,91.19,72.23,85.07,91.19,72.23,0.48,1.52,83.61,7.22,1.22,4.84,2.16,6.39,74.75,76.97,80.43,74.17,25.18,26.73,23.6,25.61,27.13,24.47,25.14,25.35,25.5,24.5,0.07479,0.08702,0.11085,0.57313,7.55,11.49,16.36,36.88,1.3899,1.5167,1.6512,2.0525,1.0929,1.107,1.1375,1.7227,0.138,0.2164,0.2963,0.4915
737237,6/26/2018 0:00,Cherokee,98.25,98.47,97.74,101.28,23.36,19.56,28.85,23.26,19.56,28.85,75.41,94.05,47.32,78.99,94.05,47.32,0.79,3.3,218.92,18.91,2.15,11.27,3.41,14.29,183.14,51.76,186.41,52.42,25.53,30.18,22.44,25.26,27.9,23.32,25.32,24.96,24.66,23.88,0.07544,0.08611,0.10754,0.55184,7.73,11.27,16.07,36.36,1.3962,1.5103,1.644,2.0438,1.0937,1.1059,1.1333,1.6956,0.1419,0.2124,0.2921,0.4883
737238,6/27/2018 0:00,Cherokee,98.17,98.38,97.87,101.16,25.08,20.19,33.02,25.15,20.19,33.02,74.67,89.08,41.06,77.32,89.08,41.06,0.9,3.56,187.08,16.16,2.57,12.96,4.02,18.91,182.05,32.5,183.37,31.71,25.89,31.35,23.28,25.69,28.56,24.01,25.75,25.42,25.03,23.83,0.07575,0.08657,0.10716,0.51934,7.73,10.81,15.65,35.39,1.3961,1.4969,1.6334,2.0275,1.0941,1.1064,1.1329,1.6542,0.1418,0.2038,0.2858,0.4821
737239,6/28/2018 0:00,Cherokee,98.02,98.2,97.84,100.99,29.77,24.21,35.53,29.71,24.21,35.53,63.44,79.95,42.6,66.96,79.95,42.6,1.66,0,243.82,21.07,2.79,7.58,4.33,10.86,189.74,19.73,192.71,19.19,28.26,33.92,23.84,27.15,30.64,24.32,27.79,26.67,25.62,23.88,0.07912,0.08879,0.10762,0.49885,7.87,10.32,15.17,34.5,1.4014,1.4827,1.6212,2.0126,1.0983,1.1092,1.1334,1.6282,0.1448,0.1945,0.2784,0.4763
737240,6/29/2018 0:00,Cherokee,98.14,98.39,97.93,101.08,30.27,24.89,36.14,30.1,24.89,36.14,61.32,79.82,40.63,65.27,79.82,40.63,1.81,0,266.44,23.02,2.63,7.06,4.03,9.23,178.76,18.08,180.54,15.56,29.87,35.35,25.49,28.78,32.02,25.95,29.54,28.27,27.04,24.51,0.07885,0.09103,0.10939,0.48868,7.41,9.58,14.38,33.74,1.386,1.4604,1.601,1.9999,1.0979,1.1119,1.1356,1.6153,0.1349,0.18,0.2659,0.4712
737241,6/30/2018 0:00,Cherokee,98.2,98.38,97.97,101.15,29.39,24.21,34.85,29.39,24.21,34.85,57.97,81,34.93,61.12,81,34.93,1.89,0,305.46,26.39,2.87,10.15,4.44,13.5,175.03,24.42,176.68,23.1,29.87,35.47,25.78,29.05,32.27,26.37,29.61,28.53,27.51,25.03,0.07369,0.09031,0.10784,0.47504,6.84,8.74,13.33,32.97,1.3653,1.4341,1.5734,1.9869,1.0915,1.111,1.1337,1.598,0.1224,0.163,0.2487,0.466
737242,7/1/2018 0:00,Cherokee,98.14,98.34,97.9,101.1,29.02,23.46,35.32,28.87,23.46,35.32,59.71,78.14,38.66,63.41,78.14,38.66,1.76,0,277.54,23.98,2.59,8.74,4,11.13,174.19,24.04,174.45,23.57,30,35.81,25.86,29.18,32.57,26.51,29.73,28.6,27.63,25.28,0.06879,0.08967,0.10618,0.4532,6.34,8.01,12.21,32.09,1.3466,1.4106,1.5427,1.9713,1.0854,1.1102,1.1316,1.5702,0.1112,0.1479,0.2293,0.4597
737243,7/2/2018 0:00,Cherokee,98.28,98.54,97.98,101.27,25.21,20.56,29.53,25.22,20.56,29.53,79.6,97.69,61.92,83.03,97.69,61.92,0.7,17.78,142.19,12.29,1.43,7.23,2.28,9.68,171.12,65.83,170,68.49,27.6,30.15,25.21,27.6,28.83,26.09,27.39,27.19,26.93,25.35,0.0752,0.08781,0.10439,0.43987,9.01,7.82,11.51,31.5,1.4343,1.4037,1.5229,1.9608,1.0934,1.108,1.1294,1.5533,0.1668,0.1437,0.2168,0.4554
737244,7/3/2018 0:00,Cherokee,98.48,98.7,98.2,101.47,27.46,20.78,33.29,27.47,20.78,33.29,72.28,99.06,42.19,74.67,99.06,42.19,1.21,0,294.57,25.45,0.51,4.29,1.2,6.23,71.1,32.28,75.01,26.64,29.36,35.56,24.02,28.49,32.47,24.93,28.84,27.86,26.92,25.03,0.08166,0.08989,0.10463,0.43071,9.95,8.16,11.37,31.1,1.4678,1.4154,1.5189,1.9536,1.1014,1.1105,1.1297,1.5417,0.1873,0.151,0.2142,0.4525
737245,7/4/2018 0:00,Cherokee,98.46,98.75,98.28,101.43,29.08,22.59,36.34,29.12,22.59,36.34,61.43,91.09,25.83,64,91.09,25.83,1.81,0,299.98,25.92,1.38,7.62,2.33,10,140.06,35.4,139.03,31.66,29.9,35.25,25.5,29.16,32.4,26.25,29.67,28.66,27.68,25.38,0.07901,0.09131,0.10546,0.42047,8.55,8.17,11.04,30.63,1.4233,1.4159,1.5096,1.9451,1.0981,1.1123,1.1307,1.5287,0.159,0.1511,0.2081,0.4489
737246,7/5/2018 0:00,Cherokee,98.91,99.24,98.6,101.9,28.17,21.99,34.78,28.38,21.99,34.78,61.78,86.68,36.9,63.36,86.68,36.9,1.66,0,277.03,23.93,1.5,6.23,2.48,8.31,131.81,39.39,131.15,36.75,29.67,34.5,25.8,29.1,31.97,26.5,29.46,28.63,27.81,25.63,0.07246,0.09055,0.10421,0.40534,7.18,7.9,10.47,29.92,1.3769,1.4072,1.4928,1.9321,1.09,1.1113,1.1292,1.5096,0.1299,0.1456,0.1973,0.4434
737247,7/6/2018 0:00,Cherokee,99.38,99.61,99.16,102.38,28.72,21.46,35.73,28.88,21.46,35.73,60.61,90.71,32.01,62.5,90.71,32.01,1.82,0,270.17,23.34,0.82,6.76,1.48,7.31,40.14,43.68,45.19,43.23,29.72,35.36,25.33,29.05,32.45,26.16,29.41,28.51,27.69,25.65,0.06687,0.08953,0.10238,0.38453,6.43,7.54,9.7,29,1.3491,1.3948,1.4698,1.9149,1.083,1.1101,1.1269,1.4833,0.113,0.1377,0.1824,0.4361
737248,7/7/2018 0:00,Cherokee,99.32,99.58,99.01,102.31,28.76,23.19,34.71,28.64,23.19,34.71,65.02,89.24,38.32,68.73,89.24,38.32,1.55,0,264.24,22.83,1.85,6.9,2.97,8.68,35.49,22.28,35.28,20.05,30.23,35.59,26.22,29.51,32.72,26.81,29.9,28.91,27.99,25.78,0.06242,0.08931,0.10151,0.35878,6.01,7.12,8.81,27.82,1.3328,1.3805,1.4423,1.8926,1.0775,1.1098,1.1258,1.4507,0.1034,0.1285,0.1645,0.4262
737249,7/8/2018 0:00,Cherokee,99.1,99.39,98.78,102.1,26.59,20.71,32.5,26.45,20.71,32.5,58.85,85.86,28.76,62.2,85.86,28.76,1.59,0,301.15,26.02,1.57,5.31,2.83,7.13,56.47,24.85,57.62,21.86,30.04,35.92,25.94,29.49,32.99,26.71,29.84,28.92,28.08,25.9,0.05736,0.08798,0.10022,0.32853,5.69,6.71,7.97,26.44,1.3197,1.366,1.4153,1.8655,1.0712,1.1082,1.1242,1.4125,0.0961,0.1194,0.1469,0.4139
737250,7/9/2018 0:00,Cherokee,99.01,99.26,98.81,102.04,25.89,16.74,33.02,26.05,16.74,33.02,54.85,88.39,21.28,55.93,88.39,21.28,1.77,0,286.02,24.71,1.11,5.27,2.05,7.35,76.9,44.25,76.19,42.09,28.88,34.71,23.89,28.51,31.99,25.3,28.74,28,27.45,25.78,0.05156,0.08477,0.09755,0.2959,5.4,6.34,7.27,24.89,1.3072,1.3523,1.3917,1.8344,1.064,1.1042,1.1209,1.3713,0.0893,0.1111,0.1318,0.3993
737251,7/10/2018 0:00,Cherokee,99.07,99.31,98.83,102.08,27.4,20.31,34.37,27.69,20.31,34.37,63.48,90.03,35.34,64.78,90.03,35.34,1.56,0,283.61,24.5,0.68,4.23,1.25,5.98,89.02,63.05,94.97,60.25,29.86,35.92,25.04,29.14,32.78,25.97,29.59,28.52,27.64,25.66,0.0496,0.08447,0.0969,0.26875,5.22,6.1,6.76,23.43,1.2997,1.3436,1.3745,1.804,1.0615,1.1038,1.1201,1.3371,0.0851,0.1055,0.1207,0.3844
737252,7/11/2018 0:00,Cherokee,98.86,99.13,98.54,101.85,27.3,20.99,34.31,27.51,20.99,34.31,70.46,92.69,36.15,72.44,92.69,36.15,1.25,5.33,234.12,20.23,0.71,6.64,1.17,8.9,0,83.12,130.83,79.29,29.36,33.65,25.7,28.95,31.36,26.58,29.05,28.38,27.73,25.8,0.04766,0.08325,0.09609,0.24774,5.11,5.92,6.43,22.21,1.2949,1.337,1.3627,1.778,1.0591,1.1023,1.1191,1.3106,0.0825,0.1015,0.1131,0.3712
737253,7/12/2018 0:00,Cherokee,98.62,98.86,98.33,101.6,28.82,21.51,36.95,28.99,21.51,36.95,65.2,94.83,30.04,67.39,94.83,30.04,1.7,0,273.29,23.61,0.47,4.57,0.9,6.92,92.87,72.58,104.09,67.93,29.93,35.8,24.96,29.2,32.8,25.98,29.55,28.63,27.74,25.77,0.04944,0.08356,0.09554,0.2311,5.22,5.87,6.27,21.33,1.2995,1.3353,1.3571,1.7588,1.0613,1.1027,1.1184,1.2897,0.085,0.1004,0.1095,0.3613
737254,7/13/2018 0:00,Cherokee,98.66,98.85,98.49,101.64,27.2,21.79,36,27.58,21.79,36,70.88,94.15,32.21,71.25,94.15,32.21,1.25,5.59,211.84,18.3,0.88,11,1.51,15.25,118.51,72.71,125.63,69.65,28.83,33.57,25.69,28.63,31.21,26.58,28.65,28.22,27.7,25.93,0.04787,0.08222,0.09458,0.21382,5.17,5.81,6.14,20.38,1.297,1.3327,1.3523,1.7375,1.0594,1.1011,1.1172,1.2679,0.0838,0.099,0.1065,0.35
737255,7/14/2018 0:00,Cherokee,98.67,98.91,98.36,101.66,28.67,21.98,34.64,28.71,21.98,34.64,59.32,88.55,30.86,61.71,88.55,30.86,1.81,0,256.52,22.16,1.59,5.82,2.57,7.57,177.61,24.91,177.82,22.19,28.86,33.75,24.79,28.36,31.31,25.67,28.61,27.94,27.27,25.71,0.04969,0.08186,0.0932,0.20109,5.37,5.8,6.06,19.61,1.3056,1.3321,1.3491,1.7198,1.0616,1.1006,1.1155,1.2519,0.0887,0.0987,0.1047,0.3405
737256,7/15/2018 0:00,Cherokee,98.56,98.78,98.3,101.55,25.71,22.32,33.37,25.82,22.32,33.37,77.27,90.61,40.38,80.17,90.61,40.38,0.81,2.79,139.75,12.07,1.29,8.15,2.11,11.17,183.78,47.56,181.91,49.75,27.5,30.55,25.74,27.52,28.93,26.53,27.34,27.23,26.98,25.69,0.04815,0.08051,0.09226,0.1936,5.2,5.79,6.02,19.1,1.2985,1.3314,1.3475,1.7082,1.0597,1.099,1.1144,1.2425,0.0846,0.0984,0.1038,0.3341
737257,7/16/2018 0:00,Cherokee,98.45,98.64,98.2,101.43,27.9,21.99,35.59,27.79,21.99,35.59,69.33,93.39,36.35,73.39,93.39,36.35,1.37,0,244.53,21.13,1.05,6,1.75,7.58,130.42,62.23,118.56,63.33,28.66,33.02,24.88,28.01,30.87,25.49,28.38,27.62,26.86,25.4,0.04879,0.081,0.0916,0.185,5.17,5.78,5.98,18.55,1.2973,1.3312,1.3459,1.6952,1.0605,1.0996,1.1135,1.2317,0.0838,0.0982,0.1029,0.3269
737258,7/17/2018 0:00,Cherokee,98.51,98.7,98.33,101.49,27.36,22.52,33.58,27.39,22.52,33.58,70.15,89.59,40.98,72.91,89.59,40.98,1.24,0,194.78,16.83,1,7.23,1.69,9.96,294.3,72.46,256.29,88.07,28.52,31.82,25.41,28.16,30,26.14,28.35,27.84,27.2,25.56,0.04695,0.08042,0.09127,0.17617,5.03,5.72,5.89,17.76,1.2916,1.329,1.3426,1.6765,1.0582,1.0989,1.1131,1.2206,0.0806,0.0969,0.1008,0.3162
737259,7/18/2018 0:00,Cherokee,98.59,98.93,98.42,101.6,24.28,21.08,30.48,24.38,21.08,30.48,84.74,95.17,55.94,88.95,95.17,55.94,0.52,14.73,97.96,8.46,0.65,9.72,1.16,14.41,82.98,50.74,86.72,44.53,26.33,28.29,24.88,26.53,27.67,25.72,26.19,26.29,26.29,25.43,0.04994,0.07877,0.08873,0.17074,6.06,6.15,5.82,17.25,1.3303,1.3438,1.3396,1.6641,1.0619,1.0968,1.11,1.2138,0.1042,0.1066,0.0993,0.3091
737260,7/19/2018 0:00,Cherokee,98.33,98.58,98.06,101.33,26.17,22.04,31.93,26.19,22.04,31.93,79.18,95.02,53.46,82.71,95.02,53.46,0.81,0.51,199.18,17.21,0.81,4.74,1.4,5.94,132.27,57.72,132.86,59.33,27.5,31.82,24.59,27.06,29.41,25.05,27.09,26.61,26.09,24.99,0.06162,0.08263,0.08952,0.16743,7.41,6.6,5.91,17.1,1.3825,1.3611,1.3428,1.6605,1.0765,1.1016,1.1109,1.2097,0.1349,0.117,0.1012,0.307
737261,7/20/2018 0:00,Cherokee,98.05,98.28,97.8,101.02,27.38,21.99,36.61,27.28,21.99,36.61,69.41,95.17,30.65,73.29,95.17,30.65,1.35,0,275.84,23.83,1.1,9.15,1.91,12.21,139.25,45.75,136.26,47.52,28.67,34.23,24.61,28.09,31.59,25.34,28.39,27.66,26.84,25.14,0.06194,0.08477,0.09152,0.16634,6.75,6.62,5.99,16.96,1.3594,1.3624,1.3463,1.6571,1.0769,1.1042,1.1134,1.2083,0.1203,0.1175,0.1032,0.305
737262,7/21/2018 0:00,Cherokee,98.05,98.49,97.77,101.02,28.19,20.95,35.12,28.37,20.95,35.12,64.22,88.54,34.52,65.56,88.54,34.52,1.59,1.52,246.01,21.26,1.22,6.76,2.22,10.62,58.13,36.93,65.16,35.21,28.91,33.44,25.22,28.35,31.06,25.91,28.56,27.9,27.18,25.43,0.05785,0.08443,0.09195,0.16478,5.91,6.48,6,16.71,1.3282,1.3573,1.3467,1.6509,1.0718,1.1038,1.114,1.2063,0.1013,0.1143,0.1033,0.3014
737263,7/22/2018 0:00,Cherokee,98.39,98.6,98.16,101.38,26.78,20.51,34.03,26.84,20.51,34.03,62.89,92.06,27.53,64.5,92.06,27.53,1.57,0.25,292.06,25.23,1.28,6.66,2.23,8.66,24.41,41.22,26.26,42.52,29.09,34.37,25.23,28.62,31.74,26.05,28.8,28.14,27.41,25.56,0.05401,0.08403,0.09188,0.16264,5.45,6.27,5.95,16.37,1.3097,1.3496,1.345,1.6428,1.067,1.1033,1.1139,1.2036,0.0904,0.1094,0.1022,0.2965
737264,7/23/2018 0:00,Cherokee,98.39,98.6,98.2,101.4,24.49,19.76,29.94,24.83,19.76,29.94,67.8,88.67,42.97,68.02,88.67,42.97,1.1,0,165.2,14.27,0.99,4.02,1.71,5.23,29.99,36.74,31.59,36.33,26.7,29.32,24.26,26.84,28.27,25.24,26.54,26.5,26.45,25.45,0.04819,0.0797,0.08896,0.16097,5.18,6.03,5.87,16.05,1.2979,1.3402,1.3412,1.635,1.0598,1.098,1.1103,1.2016,0.0842,0.1041,0.1003,0.2918
737265,7/24/2018 0:00,Cherokee,98.58,98.78,98.29,101.6,24.75,18.4,30.96,24.72,18.4,30.96,64.18,89.63,37.94,66.59,89.63,37.94,1.27,0,272.27,23.52,1.66,7.17,2.67,9.31,32.38,26.87,33.52,22.62,27.34,32.88,22.72,26.94,30.36,23.99,27.1,26.51,26.02,24.97,0.04626,0.07811,0.0872,0.15752,5.04,5.86,5.79,15.66,1.2918,1.3334,1.3378,1.6251,1.0574,1.096,1.1081,1.1972,0.0809,0.1001,0.0983,0.2859
737266,7/25/2018 0:00,Cherokee,98.79,99.02,98.6,101.8,26.58,19.08,34.1,26.64,19.08,34.1,58.69,91.26,28.89,61.01,91.26,28.89,1.73,0,279.67,24.16,1.25,6.78,2.13,8.84,11.94,33.2,12.51,30.7,28.42,34.61,23.63,27.78,31.5,24.61,28.07,27.22,26.49,24.96,0.04429,0.07722,0.08697,0.15517,4.88,5.67,5.67,15.18,1.2846,1.3262,1.3336,1.6131,1.0549,1.0949,1.1078,1.1943,0.0769,0.0957,0.0957,0.2786
737267,7/26/2018 0:00,Cherokee,98.68,98.93,98.37,101.69,26.17,16.4,35.66,26.83,16.4,35.66,56.07,94.32,22.17,54.5,94.32,22.17,1.92,0,283.78,24.52,0.59,4.25,1.06,5.06,80.66,72.09,74.17,76.37,28.21,34.52,22.81,27.8,31.51,24.32,28.05,27.31,26.67,25.07,0.04121,0.07515,0.08589,0.1524,4.71,5.5,5.53,14.7,1.2769,1.3193,1.3282,1.6009,1.0511,1.0924,1.1064,1.1908,0.0728,0.0917,0.0924,0.2711
737268,7/27/2018 0:00,Cherokee,98.7,98.9,98.42,101.73,23.19,18.71,25.7,23.37,18.71,25.7,71.55,90.31,57.5,73.2,90.31,57.5,0.83,0,77.08,6.66,1.41,5.23,2.34,6.39,20.9,34.49,23.65,35.77,25.93,27.14,23.56,26.31,27.91,24.79,25.88,26,26.08,25.11,0.03722,0.07153,0.08367,0.15016,4.56,5.37,5.42,14.43,1.2693,1.3133,1.3236,1.5937,1.0461,1.0879,1.1037,1.188,0.0691,0.0885,0.0898,0.2667
737269,7/28/2018 0:00,Cherokee,98.84,99.09,98.65,101.89,24.2,14.42,32.61,24.23,14.42,32.61,58.52,96.35,26.85,61.69,96.35,26.85,1.6,0,247.12,21.35,1.11,5.19,2.02,7.43,56.37,35.58,60.75,30.83,26.64,33.62,21,26.17,30.45,22.52,26.49,25.79,25.28,24.47,0.03667,0.07014,0.08131,0.14533,4.51,5.29,5.35,14.12,1.2672,1.3101,1.3203,1.5855,1.0454,1.0862,1.1008,1.1819,0.0679,0.0868,0.0881,0.2618
737270,7/29/2018 0:00,Cherokee,98.71,98.91,98.46,101.74,23.09,18.25,32.35,23.11,18.25,32.35,70.15,95.38,37.25,72.49,95.38,37.25,0.96,22.1,162.03,14,1.4,14.25,2.38,20.05,118.28,49.68,117.52,48.66,25.78,31.44,23.35,25.97,28.93,24.45,25.87,25.73,25.58,24.55,0.0418,0.07154,0.08134,0.14233,5.7,6.02,5.32,13.79,1.3118,1.3361,1.3191,1.5766,1.0518,1.0879,1.1008,1.1782,0.0948,0.1031,0.0874,0.2564
737271,7/30/2018 0:00,Cherokee,98.56,98.83,98.33,101.6,23.48,19.9,29.26,23.37,19.9,29.26,77.97,95.41,47.32,81.66,95.41,47.32,0.74,16,186.77,16.14,1.16,7.53,1.94,9.02,87.02,72.68,87.85,72.04,25.62,30.45,22.52,25.42,28.5,23.15,25.31,25.02,24.76,24.15,0.07797,0.08596,0.08345,0.1392,12.08,10.8,5.94,13.59,1.5267,1.4936,1.3424,1.5711,1.0968,1.1057,1.1034,1.1742,0.2252,0.2017,0.1019,0.2531
737272,7/31/2018 0:00,Cherokee,98.61,98.77,98.34,101.67,20.24,18.33,22.72,20.19,18.33,22.72,89.94,95.27,74.48,94.79,95.27,74.48,0.24,13.46,45.31,3.91,1.49,4.78,2.43,6.62,16.99,48.4,17.7,46.97,24.02,25.5,22.26,24.44,26.04,23,23.99,24.29,24.56,24.1,0.08615,0.09327,0.08655,0.13907,14.56,14.29,7.51,13.67,1.5959,1.5924,1.3971,1.5732,1.107,1.1147,1.1073,1.1741,0.2674,0.2628,0.1368,0.2544
737273,8/1/2018 0:00,Cherokee,98.67,98.87,98.49,101.72,22.21,16.77,29.26,22.2,16.77,29.26,68.22,92.04,32.71,69.56,92.04,32.71,1.03,0.25,205.25,17.73,1.35,5.61,2.21,7.23,0,25.6,354.71,27.59,24.72,29.03,21.49,24.43,27.34,22.16,24.38,24.1,23.87,23.51,0.09013,0.10201,0.0906,0.13703,15.54,17.02,10.17,13.58,1.6227,1.664,1.482,1.5706,1.112,1.1254,1.1123,1.1715,0.2839,0.3058,0.1915,0.2529
737274,8/2/2018 0:00,Cherokee,98.65,98.86,98.44,101.69,23.4,14.9,31.57,23.71,14.9,31.57,64.76,96.36,25.15,65.48,96.36,25.15,1.35,0,241.96,20.9,0.51,4.02,0.8,5.04,257.84,55.37,248.96,62.25,24.65,29.57,20.51,24.54,27.58,21.74,24.37,24.21,24.05,23.46,0.08156,0.09635,0.09157,0.13692,13.6,15.71,10.52,13.63,1.5716,1.6312,1.4927,1.5719,1.1013,1.1185,1.1135,1.1714,0.2531,0.2867,0.1983,0.2537
737275,8/3/2018 0:00,Cherokee,98.64,98.83,98.48,101.67,24.11,15.99,32.02,24.63,15.99,32.02,64.35,96.42,29.24,63.52,96.42,29.24,1.39,0,281.28,24.3,0.82,5.43,1.34,7.17,197.19,61.55,185.83,43.09,24.82,29.32,20.86,24.72,27.5,22.07,24.63,24.45,24.22,23.47,0.07706,0.09281,0.09171,0.13689,11.97,14.63,10.49,13.66,1.5261,1.6031,1.4918,1.5727,1.0957,1.1141,1.1137,1.1713,0.225,0.2699,0.1978,0.2542
737276,8/4/2018 0:00,Cherokee,98.66,98.9,98.44,101.69,24.86,16.33,32.79,25.49,16.33,32.79,63.42,93.02,29.99,61.54,93.02,29.99,1.47,0,278.69,24.08,1.35,6.9,2.18,8.6,160.44,59.47,165.64,34.1,24.93,28.99,21.19,24.81,27.32,22.35,24.77,24.56,24.32,23.51,0.07343,0.08936,0.09098,0.13683,10.53,13.61,10.32,13.7,1.4838,1.576,1.4867,1.5736,1.0912,1.1099,1.1128,1.1713,0.1984,0.2534,0.1945,0.2548
737277,8/5/2018 0:00,Cherokee,98.57,98.77,98.38,101.58,26.11,19.56,33.45,26.32,19.56,33.45,56.18,86.09,27.47,57.14,86.09,27.47,1.68,0,241.87,20.9,1.98,7.49,3.18,10.13,162.32,23.75,165.67,20.74,25.44,28.8,22.79,25.22,27.21,23.49,25.19,24.89,24.58,23.59,0.07069,0.08703,0.09052,0.13692,9.26,12.62,10.05,13.76,1.4447,1.5487,1.4786,1.5752,1.0878,1.107,1.1122,1.1714,0.1736,0.2366,0.1893,0.2558
737278,8/6/2018 0:00,Cherokee,98.7,98.91,98.52,101.7,27.76,21.53,34.71,27.91,21.53,34.71,58.12,79.42,31.26,60.06,79.42,31.26,1.77,0,269.95,23.32,2.14,8.15,3.46,10.94,168.06,24.27,171.43,21.42,26.47,30.34,23.51,26.03,28.43,24.02,26.09,25.59,25.06,23.73,0.06787,0.08606,0.09066,0.13738,7.94,11.53,9.65,13.78,1.4012,1.5177,1.4666,1.5757,1.0843,1.1058,1.1124,1.172,0.1461,0.2171,0.1815,0.2562
737279,8/7/2018 0:00,Cherokee,98.62,98.86,98.42,101.6,28.84,22.72,36.14,28.87,22.72,36.14,55.69,80,27.12,58.36,80,27.12,2,0,258.29,22.32,2.26,7.68,3.61,10.13,184.54,21.47,187.26,20.93,27.24,31.03,24.45,26.73,28.99,24.88,26.84,26.27,25.65,24.05,0.06379,0.08504,0.09099,0.13857,6.63,10.19,9.09,13.78,1.3556,1.4781,1.4492,1.5759,1.0792,1.1045,1.1128,1.1735,0.1176,0.1919,0.1701,0.2561
737280,8/8/2018 0:00,Cherokee,98.49,98.9,98.26,101.49,24.42,21.3,28.58,24.67,21.3,28.58,79.75,95.2,66,82.92,95.2,66,0.65,11.68,112.5,9.72,1.02,6.31,1.77,8.76,161.84,83.57,153.41,85.04,25.89,28.16,24.16,25.95,26.98,24.82,25.68,25.61,25.45,24.27,0.062,0.0829,0.09052,0.13945,7.52,9.25,8.63,13.76,1.3851,1.449,1.4347,1.5756,1.077,1.1019,1.1122,1.1745,0.1367,0.1734,0.1607,0.2559
737281,8/9/2018 0:00,Cherokee,98.5,98.7,98.31,101.52,24.32,20.24,30.41,24.38,20.24,30.41,80.51,96.97,52.55,83.18,96.97,52.55,0.69,0,189.27,16.35,0.81,7.13,1.37,10.13,187.23,43.1,189.43,42.89,25.78,29.99,23.29,25.62,27.74,24.05,25.46,25.27,25.01,24.06,0.06297,0.08218,0.08961,0.13876,8.29,9.05,8.47,13.76,1.4122,1.4426,1.4296,1.5755,1.0782,1.101,1.1111,1.1737,0.1537,0.1694,0.1575,0.2559
737282,8/10/2018 0:00,Cherokee,98.54,98.72,98.35,101.56,24.83,18.74,33.42,25.05,18.74,33.42,73.92,97.24,31.47,75.26,97.24,31.47,1.01,0,227.63,19.67,0.46,4.39,0.84,5.96,243.57,72.55,209.66,74.31,26.02,31.34,22.3,25.79,28.62,23.37,25.71,25.45,25.09,24.03,0.06185,0.08181,0.08948,0.13857,7.49,8.69,8.27,13.76,1.3853,1.4311,1.4233,1.5754,1.0768,1.1006,1.1109,1.1735,0.1367,0.1621,0.1534,0.2559
737283,8/11/2018 0:00,Cherokee,98.49,98.67,98.23,101.49,25.79,18.67,34.78,26.09,18.67,34.78,71.65,96.97,32.76,73.46,96.97,32.76,1.19,0,210.51,18.19,0.9,5.84,1.52,7.53,240.61,53.84,225.92,58.3,26.12,30.91,22.39,25.84,28.35,23.46,25.83,25.53,25.15,24.07,0.05961,0.08106,0.08923,0.13837,6.61,8.11,8,13.77,1.3541,1.4122,1.4144,1.5757,1.074,1.0996,1.1106,1.1732,0.1173,0.15,0.1477,0.2561
737284,8/12/2018 0:00,Cherokee,98.54,98.77,98.34,101.54,26.18,19.83,33.85,26.47,19.83,33.85,68.91,96.97,30.05,70.12,96.97,30.05,1.32,0,228.86,19.77,0.61,3.72,1.07,4.55,40.63,53.59,43.44,61.49,26.96,31.56,23.49,26.46,28.99,24.26,26.45,26,25.5,24.18,0.05687,0.08077,0.08948,0.13852,5.88,7.39,7.63,13.77,1.3265,1.3879,1.4023,1.5757,1.0706,1.0993,1.1109,1.1734,0.1004,0.1344,0.1397,0.2561
737285,8/13/2018 0:00,Cherokee,98.66,98.85,98.46,101.68,24.75,19.08,33.42,24.96,19.08,33.42,78.95,97.24,36.22,81.62,97.24,36.22,0.85,7.62,192.66,16.65,0.67,9.04,1.21,12.25,141.67,62.06,145.55,59.96,26.31,31.17,23.15,26.13,28.7,24.17,25.99,25.74,25.44,24.27,0.05313,0.07888,0.08852,0.13814,5.73,6.66,7.15,13.75,1.32,1.3623,1.3858,1.575,1.0659,1.097,1.1097,1.1729,0.097,0.1183,0.1291,0.2556
737286,8/14/2018 0:00,Cherokee,98.56,98.8,98.27,101.58,23.52,20.37,29.67,23.53,20.37,29.67,86.42,97.16,55.74,89.42,97.16,55.74,0.46,9.91,115.46,9.98,1.22,7.1,2.03,9.88,126.23,38.59,123.46,36.41,25.12,27.47,23.22,25.22,26.37,24.06,24.94,24.96,24.91,24.15,0.05415,0.0772,0.08684,0.13726,7.43,6.37,6.85,13.68,1.3804,1.3519,1.3753,1.5733,1.0672,1.0949,1.1076,1.1718,0.1347,0.1119,0.1226,0.2546
737287,8/15/2018 0:00,Cherokee,98.23,98.41,98.03,101.25,22.74,20.17,25.68,22.65,20.17,25.68,88.81,97.04,74.58,92.32,97.04,74.58,0.33,22.86,66.84,5.78,2.31,7.9,3.56,10.25,170.03,27.33,171.64,27.67,24.2,25.39,23.15,24.39,24.95,23.88,24.08,24.21,24.28,23.88,0.05981,0.07608,0.08498,0.13587,10.54,6.65,6.76,13.65,1.481,1.3612,1.3718,1.5724,1.0742,1.0935,1.1053,1.1701,0.1976,0.118,0.1206,0.2541
737288,8/16/2018 0:00,Cherokee,98.19,98.4,98.03,101.2,23.97,20.24,30.21,23.98,20.24,30.21,83.64,97.41,54.72,85.59,97.41,54.72,0.58,13.72,126.21,10.9,1.55,5.17,2.51,6.35,223.25,41.72,228.95,41.94,24.76,28.06,22.84,24.52,26.46,23.26,24.43,24.23,24.05,23.56,0.09881,0.10437,0.09211,0.13429,18.69,18.84,10.17,13.77,1.7001,1.7069,1.4794,1.5753,1.1228,1.1283,1.1142,1.1681,0.3286,0.3298,0.1896,0.2561
737289,8/17/2018 0:00,Cherokee,98.45,98.83,98.14,101.46,24.42,19.01,33.15,24.51,19.01,33.15,79.05,97.72,50.07,81.79,97.72,50.07,0.82,2.54,165.97,14.34,0.89,10.88,1.53,17.13,144.82,70.99,154.16,64.58,25.62,30.03,22.44,25.33,27.84,23.33,25.18,24.9,24.6,23.63,0.09075,0.10157,0.10225,0.13394,16.75,17.9,13.51,13.79,1.6531,1.6853,1.5775,1.5756,1.1127,1.1249,1.1268,1.1676,0.3019,0.3181,0.2517,0.2563
737290,8/18/2018 0:00,Cherokee,98.62,98.93,98.38,101.65,23.59,19.69,30.55,23.82,19.69,30.55,82.44,97.72,51.73,83.05,97.72,51.73,0.62,41.66,133.22,11.51,1.13,8.15,2.06,13.68,326.65,74.73,332.57,75.41,25.25,28.55,22.64,25.11,26.72,23.46,24.89,24.71,24.53,23.8,0.10122,0.11081,0.12693,0.3444,19.99,20.63,19.28,27.92,1.7298,1.7484,1.7188,1.8712,1.1258,1.1363,1.1574,1.433,0.3448,0.3524,0.3335,0.4049
737291,8/19/2018 0:00,Cherokee,98.53,98.8,98.21,101.54,24.86,18.54,31.64,25.29,18.54,31.64,72.2,96.9,37.73,71.43,96.9,37.73,1.06,0,199.82,17.26,0.74,4.74,1.48,5.35,42.47,40.82,46.38,43.58,25.58,29.57,22.39,25.27,27.47,23.32,25.13,24.84,24.57,23.74,0.09299,0.10489,0.1274,0.44702,18.05,18.85,19.7,34.23,1.6847,1.7079,1.7309,2.0069,1.1155,1.129,1.158,1.5624,0.32,0.3307,0.3416,0.4745
737292,8/20/2018 0:00,Cherokee,97.98,98.34,97.56,100.99,22.03,19.76,26.3,22.31,19.76,26.3,87.77,96.84,76.76,89.05,96.84,76.76,0.33,37.59,47.43,4.1,1.64,6.27,2.88,9.07,149.53,77.9,149.72,78.47,23.82,24.55,23.21,24.16,25.31,23.72,23.75,23.95,24.15,23.8,0.10081,0.11024,0.13237,0.47966,21.63,21.13,21.36,36.2,1.7637,1.7584,1.7672,2.0385,1.1253,1.1356,1.1642,1.6038,0.3612,0.3569,0.3605,0.4866
737293,8/21/2018 0:00,Cherokee,98.12,98.45,97.85,101.15,22.03,18.47,26.34,21.85,18.47,26.34,76.21,93.37,56.83,79.36,93.37,56.83,0.67,0.25,142.52,12.31,2.54,8.06,4.25,12.72,262.66,29.5,265.15,23.75,24,26.28,22.3,23.96,25.21,22.89,23.72,23.69,23.66,23.41,0.10124,0.11027,0.13575,0.52721,21.49,20.82,22.17,39.64,1.7639,1.7531,1.7858,2.094,1.1258,1.1356,1.1684,1.6642,0.3631,0.3552,0.3708,0.5081
737294,8/22/2018 0:00,Cherokee,98.8,99.13,98.34,101.85,22.98,19.01,28.31,22.91,19.01,28.31,71.78,93.23,45.41,73.83,93.23,45.41,0.88,0,175.9,15.2,1.83,6.08,3.11,8.29,331.91,37.1,331.09,38.03,24.57,27.65,22.77,24.41,26.06,23.25,24.19,24.03,23.87,23.32,0.09746,0.10558,0.1306,0.51783,20.18,19.71,20.98,38.95,1.7344,1.728,1.7599,2.0834,1.1211,1.1298,1.162,1.6523,0.3476,0.3418,0.3573,0.504
737295,8/23/2018 0:00,Cherokee,99.17,99.4,98.91,102.24,21.7,18.33,25.46,21.72,18.33,25.46,79.72,93.3,59.89,81.88,93.3,59.89,0.56,0,96.97,8.38,1.02,3.82,1.66,4.76,21.83,27.51,25.95,29.85,23.85,25.48,22.45,23.96,24.78,23.39,23.62,23.68,23.73,23.32,0.09317,0.10207,0.12728,0.50917,19.51,19.15,20.48,38.22,1.719,1.7148,1.7485,2.0719,1.1158,1.1255,1.1579,1.6413,0.3393,0.3346,0.3512,0.4997
737296,8/24/2018 0:00,Cherokee,98.63,99.06,98.09,101.7,20.14,17.79,22.64,20.2,17.79,22.64,88.62,96.09,81.45,91.59,96.09,81.45,0.27,15.75,27.2,2.35,1.65,7.27,2.77,9.51,117.77,37.4,114.96,35.91,22.11,22.58,21.75,22.58,23.4,22.27,22.14,22.51,22.9,23.05,0.09674,0.10472,0.12961,0.52183,21.5,20.7,21.54,39.04,1.763,1.7498,1.7718,2.0847,1.1202,1.1288,1.1608,1.6574,0.3623,0.3532,0.3634,0.5045
737297,8/25/2018 0:00,Cherokee,98.06,98.23,97.86,101.06,25.95,21.58,31.84,25.98,21.58,31.84,74.69,86.75,57.37,77.59,86.75,57.37,0.91,0,118.96,10.28,2.54,7.45,3.99,10.74,179.04,16.96,181.65,15.08,23.77,26.25,21.99,23.4,24.93,22.32,23.34,23.08,22.86,22.64,0.09917,0.10639,0.13179,0.5372,21.34,20.6,21.87,40.14,1.7604,1.7481,1.7793,2.1017,1.1232,1.1308,1.1635,1.6769,0.3614,0.3526,0.3675,0.511
737298,8/26/2018 0:00,Cherokee,98.42,98.67,98.11,101.41,26.69,23.8,30.14,26.83,23.8,30.14,76.05,86.78,63.01,78.81,86.78,63.01,0.87,1.52,93.62,8.09,1.98,6.57,3.19,9.33,172.49,23.68,174.59,24.63,24.9,26.22,23.83,24.56,25.4,23.86,24.51,24.2,23.81,22.91,0.09977,0.10649,0.13073,0.53075,20.84,20.04,21.21,39.72,1.7493,1.7354,1.765,2.0953,1.124,1.1309,1.1622,1.6687,0.3555,0.3458,0.36,0.5086
737299,8/27/2018 0:00,Cherokee,98.5,98.75,98.21,101.49,27.42,23.19,32.58,27.4,23.19,32.58,70.2,88,46.77,73.38,88,46.77,1.19,0,192.49,16.63,2.51,7.94,3.99,11.05,168.69,17.19,169.71,16.03,25.78,28.32,23.93,25.32,26.77,24.14,25.35,24.93,24.4,23.25,0.0982,0.10567,0.13044,0.52507,19.81,19.37,20.81,39.23,1.7259,1.72,1.756,2.0878,1.122,1.1299,1.1618,1.6615,0.3429,0.3374,0.3552,0.5057
737300,8/28/2018 0:00,Cherokee,98.15,98.34,97.9,101.12,27.96,24,32.86,27.89,24,32.86,65.28,79.98,45.55,68.57,79.98,45.55,1.4,0,208.24,17.99,3.55,9.27,5.47,13.74,171.29,15.98,172.68,13.75,25.85,28.25,24.16,25.56,26.84,24.48,25.51,25.21,24.8,23.62,0.09305,0.10164,0.12697,0.52235,18.35,18.49,20.34,38.72,1.6917,1.6993,1.7454,2.0799,1.1156,1.125,1.1575,1.658,0.324,0.326,0.3495,0.5027
737301,8/29/2018 0:00,Cherokee,98.18,98.4,98,101.15,28.24,24.41,33.3,28.15,24.41,33.3,66.51,80.73,46.89,69.99,80.73,46.89,1.37,0,216.12,18.67,3.14,9.41,4.87,11.9,171.7,16.25,173.18,13.9,26.22,28.69,24.43,25.87,27.24,24.72,25.84,25.5,25.06,23.86,0.08915,0.09841,0.12315,0.51941,16.87,17.72,19.93,38.25,1.6558,1.6807,1.736,2.0726,1.1107,1.121,1.1527,1.6543,0.3035,0.3156,0.3445,0.4998
737302,8/30/2018 0:00,Cherokee,98.58,98.83,98.2,101.59,23.76,21.69,26.81,23.57,21.69,26.81,83.65,90.92,70.96,88.87,90.92,70.96,0.49,0,108.98,9.42,1.62,5.84,2.61,7.55,24.9,65.7,23.45,67.7,25.54,26.62,24.82,25.52,25.99,25.11,25.28,25.22,25.05,24.06,0.08573,0.09631,0.12101,0.51481,15.94,17.25,19.62,36.96,1.6326,1.6695,1.7289,2.0523,1.1065,1.1184,1.1501,1.6485,0.29,0.3091,0.3406,0.492
737303,8/31/2018 0:00,Cherokee,98.66,99.04,98.28,101.71,20.74,18.95,22.85,20.94,18.95,22.85,91.39,96.56,77.47,94.26,96.56,77.47,0.21,59.44,22.67,1.96,1.52,9.9,2.68,13.9,107.97,50.38,107.93,49.89,23.22,24.86,22.1,23.76,25.14,22.72,23.44,23.72,24.03,23.88,0.10473,0.1062,0.12963,0.54495,23.45,21.72,22.64,39.79,1.7978,1.7697,1.7943,2.0955,1.1302,1.1306,1.1608,1.6868,0.3751,0.3619,0.3743,0.5087
737304,9/1/2018 0:00,Cherokee,98.33,98.56,98.07,101.35,25.52,18.81,32.38,25.5,18.81,32.38,74.48,91.67,49.22,77.66,91.67,49.22,0.99,0.25,189,16.33,2.21,7.37,3.57,9.84,162.4,18.98,162.93,18.8,24.2,27.19,21.7,23.84,25.67,22.28,23.81,23.47,23.32,23.19,0.13531,0.126,0.14285,0.56347,28.05,25.39,25.49,42.32,1.8998,1.8513,1.8555,2.1329,1.1683,1.155,1.1772,1.7104,0.428,0.4042,0.4052,0.5236
737305,9/2/2018 0:00,Cherokee,98.39,98.64,98.15,101.37,26.82,22.21,32.32,26.77,22.21,32.32,71.78,89.03,50.24,74.94,89.03,50.24,1.1,0,199.04,17.2,2.07,6.8,3.32,8.53,160.15,22.66,161.5,21.21,25.73,28.36,23.74,25.29,26.8,24.01,25.28,24.87,24.38,23.38,0.12345,0.1274,0.14801,0.57404,23.39,23.11,24.58,42.53,1.8052,1.8034,1.8368,2.1361,1.1535,1.1567,1.1837,1.7238,0.3839,0.3807,0.396,0.5248
737306,9/3/2018 0:00,Cherokee,98.49,98.67,98.28,101.49,25.65,20.58,31.71,25.61,20.58,31.71,74.89,93.37,52.68,78.07,93.37,52.68,0.91,0,187.68,16.22,1.4,5.33,2.34,6.86,135.91,35.16,137.25,30.33,25.79,28.3,23.8,25.52,26.89,24.3,25.41,25.14,24.79,23.72,0.10854,0.11604,0.14164,0.58263,21.84,20.91,22.35,42.62,1.7717,1.7555,1.79,2.1376,1.1349,1.1427,1.1757,1.7348,0.3671,0.3564,0.3728,0.5254
737307,9/4/2018 0:00,Cherokee,98.7,98.93,98.49,101.71,25.89,21.46,31.03,25.89,21.46,31.03,72.18,91.33,49.76,75.05,91.33,49.76,1.01,0,168,14.52,1.74,7.1,2.83,9.6,129.35,25.87,129.58,21.98,25.66,27.47,24.32,25.49,26.5,24.62,25.32,25.13,24.87,23.89,0.10331,0.11083,0.13628,0.57072,20.88,20.12,21.67,41.37,1.7504,1.7374,1.7752,2.1198,1.1284,1.1363,1.1691,1.7196,0.3561,0.3468,0.3652,0.5181
737308,9/5/2018 0:00,Cherokee,98.67,98.87,98.51,101.68,24.68,21.84,29.12,24.67,21.84,29.12,80.55,94.94,60.7,84.12,94.94,60.7,0.63,3.56,119.05,10.29,1.91,8.33,3.06,11.45,142.22,34.37,143.41,33.99,25.16,26.35,24.21,25.13,25.69,24.57,24.89,24.83,24.7,23.94,0.10114,0.10716,0.13219,0.54406,20.78,19.78,21.32,39.34,1.7479,1.7296,1.7673,2.0896,1.1257,1.1318,1.164,1.6857,0.3547,0.3427,0.3611,0.5063
737309,9/6/2018 0:00,Cherokee,98.79,99,98.59,101.81,23.84,21.77,28.17,23.8,21.77,28.17,85.44,92.43,67.97,89.43,92.43,67.97,0.45,0.51,84.98,7.34,1.2,6.53,2.03,9.76,118.57,83.88,117.95,85.37,25.09,26.37,24.25,25.04,25.62,24.52,24.84,24.76,24.6,23.89,0.10343,0.10892,0.13239,0.54295,21.24,20.06,21.24,39.28,1.7584,1.736,1.7655,2.0888,1.1285,1.1339,1.1642,1.6842,0.3603,0.3461,0.3602,0.506
737310,9/7/2018 0:00,Cherokee,98.86,99.08,98.64,101.89,23.87,21.77,27.83,23.7,21.77,27.83,84.06,94.01,66.95,88.53,94.01,66.95,0.5,2.54,88.7,7.66,1.55,4.74,2.48,6.23,35.55,31.54,35.75,30.1,24.97,26.02,24.13,24.9,25.49,24.35,24.68,24.61,24.48,23.84,0.10218,0.10779,0.13159,0.54209,21.11,19.97,21.15,39.28,1.7555,1.734,1.7635,2.0888,1.127,1.1325,1.1632,1.6832,0.3588,0.3451,0.3592,0.506
737311,9/8/2018 0:00,Cherokee,98.58,98.83,98.34,101.61,22.33,19.56,27.76,22.22,19.56,27.76,90.44,94.9,66.27,95.18,94.9,66.27,0.28,30.48,59.64,5.15,2.06,7.08,3.25,9.53,32.59,32.77,32.72,31.83,24.46,25.98,23.35,24.6,25.25,23.91,24.36,24.39,24.36,23.81,0.11156,0.1143,0.13705,0.5511,24.38,22.13,22.34,40.12,1.8232,1.7807,1.789,2.1014,1.1387,1.1406,1.17,1.6946,0.3912,0.3687,0.372,0.5109
737312,9/9/2018 0:00,Cherokee,98.44,98.57,98.28,101.51,18.96,16.5,20.24,18.84,16.5,20.24,89.52,94.59,82.35,93.74,94.59,82.35,0.23,1.02,41.33,3.57,2.73,6.92,4.14,9.19,20.43,20.39,19.36,17.57,22.57,23.35,21.55,23.12,23.93,22.34,22.75,23.1,23.47,23.54,0.13591,0.12938,0.14959,0.5696,30.08,26.23,25.31,41.73,1.939,1.8685,1.8519,2.1258,1.169,1.1591,1.1856,1.7182,0.4447,0.4121,0.4034,0.5202
737313,9/10/2018 0:00,Cherokee,98.47,98.62,98.31,101.56,17.69,15.82,20.03,17.5,15.82,20.03,83.66,92.21,68.26,86.93,92.21,68.26,0.34,0,56.08,4.84,1.59,5.74,2.46,7.04,22.08,27.24,22.28,28.56,21.31,21.81,20.82,21.86,22.35,21.59,21.36,21.84,22.35,22.9,0.14171,0.13121,0.1506,0.56361,29.99,26.32,25.62,41.73,1.937,1.8703,1.8583,2.1257,1.1763,1.1614,1.1869,1.7106,0.4439,0.4129,0.4065,0.5202
737314,9/11/2018 0:00,Cherokee,98.59,98.8,98.41,101.66,20.32,16.06,26.41,20.45,16.06,26.41,78.46,95,47.11,80.32,95,47.11,0.61,0,146.92,12.69,0.65,4.06,1.27,5.96,74.29,47.95,71.15,45.78,22.05,24.4,20.5,22.14,23.52,21.14,21.85,21.94,22.07,22.37,0.12735,0.1291,0.15098,0.55862,25.93,24.97,25.32,41.68,1.8576,1.8425,1.8522,2.125,1.1584,1.1588,1.1874,1.7042,0.409,0.3999,0.4035,0.52
737315,9/12/2018 0:00,Cherokee,98.73,99,98.5,101.8,20.43,14.29,27.29,20.66,14.29,27.29,76.27,96.43,43.17,77.44,96.43,43.17,0.7,0,169.78,14.67,1,4.9,1.78,6.55,123.7,45.18,117.7,40.14,21.55,24.22,19.08,21.77,23.27,20.31,21.39,21.6,21.87,22.16,0.10659,0.11656,0.1417,0.55627,23.63,22.78,23.79,41.47,1.8101,1.7964,1.8204,2.1218,1.1325,1.1434,1.1758,1.7012,0.3866,0.3775,0.3882,0.5187
737316,9/13/2018 0:00,Cherokee,98.75,99,98.53,101.82,21.29,14.66,27.97,21.46,14.66,27.97,79.11,96.22,53.91,81.41,96.22,53.91,0.63,0,157.44,13.6,0.97,3.98,1.68,4.8,115.1,40.16,118.49,33.65,22.02,24.63,19.41,22.02,23.55,20.48,21.76,21.79,21.88,21.98,0.1011,0.10825,0.1351,0.55321,22.72,21.62,22.94,41.26,1.7905,1.7709,1.8024,2.1187,1.1256,1.1331,1.1676,1.6973,0.3769,0.3646,0.3793,0.5175
737317,9/14/2018 0:00,Cherokee,98.76,98.98,98.51,101.8,22.67,18.13,28.99,22.87,18.13,28.99,82.54,95.34,55.33,85.2,95.34,55.33,0.56,0,108.66,9.39,1.17,4.88,1.96,6.08,146.48,41.16,143.47,35.09,22.84,24.74,21.38,22.75,23.87,21.85,22.55,22.46,22.36,22.04,0.10139,0.10699,0.13125,0.55375,22.2,21.04,22.44,41.19,1.7794,1.7581,1.7915,2.1177,1.126,1.1316,1.1628,1.698,0.3712,0.358,0.3738,0.5171
737318,9/15/2018 0:00,Cherokee,98.75,98.99,98.55,101.78,24.88,18.4,32.16,25.42,18.4,32.16,76.87,96.09,43.57,77.45,96.09,43.57,0.91,0,181.17,15.65,0.45,3.51,1,4.23,91.35,62.12,110.47,49.64,23.61,26.6,20.95,23.3,25.11,21.69,23.21,22.96,22.7,22.17,0.10014,0.10535,0.12965,0.54979,21.59,20.51,22.11,40.85,1.766,1.746,1.7846,2.1125,1.1244,1.1295,1.1608,1.693,0.3643,0.3516,0.3703,0.5152
737319,9/16/2018 0:00,Cherokee,98.77,99.03,98.54,101.79,25.08,18.95,32.3,25.65,18.95,32.3,72.71,95.14,37.05,71.68,95.14,37.05,1.08,0,189.84,16.4,0.56,4.23,1.35,5.78,55.75,30.94,60.21,26.21,24.03,26.74,21.8,23.82,25.36,22.46,23.67,23.47,23.22,22.45,0.09839,0.10344,0.12844,0.53569,20.82,19.89,21.74,39.83,1.7487,1.7319,1.7764,2.0971,1.1223,1.1272,1.1593,1.675,0.3553,0.344,0.366,0.5092
737320,9/17/2018 0:00,Cherokee,98.55,98.78,98.29,101.56,24.58,18.88,31.5,25.01,18.88,31.5,71.36,93.84,33.8,71.61,93.84,33.8,1.12,0,201.97,17.45,0.53,5.06,1.11,5.62,64.89,34.46,68.45,30.81,23.98,26.88,21.76,23.84,25.47,22.46,23.62,23.47,23.31,22.63,0.09535,0.1005,0.12574,0.53118,20.06,19.33,21.36,39.48,1.7315,1.719,1.7681,2.0916,1.1185,1.1236,1.156,1.6693,0.346,0.337,0.3617,0.5072
737321,9/18/2018 0:00,Cherokee,98.4,98.62,98.2,101.41,24.96,18.2,32.83,25.5,18.2,32.83,74.95,96.22,40.36,74.23,96.22,40.36,1.03,0,211.97,18.31,0.39,3.12,0.88,3.84,87.8,53.56,100.82,55.09,24.08,26.97,21.52,23.86,25.54,22.31,23.65,23.47,23.31,22.69,0.09294,0.09807,0.12291,0.52634,19.28,18.84,20.96,39.16,1.7136,1.7073,1.7591,2.0867,1.1155,1.1206,1.1524,1.6631,0.3363,0.3306,0.357,0.5053
737322,9/19/2018 0:00,Cherokee,98.32,98.55,98.03,101.32,26.16,20.44,33.3,26.64,20.44,33.3,72.81,92.76,40.9,72.08,92.76,40.9,1.11,0,200.77,17.35,0.87,5.1,1.64,7.08,164.82,59.16,157.87,45.2,24.82,27.54,22.53,24.47,26.05,23.07,24.36,24.07,23.73,22.84,0.09264,0.09766,0.12178,0.52398,18.55,18.42,20.59,38.86,1.6967,1.6974,1.7508,2.082,1.1151,1.1201,1.151,1.6601,0.3269,0.3251,0.3526,0.5035
737323,9/20/2018 0:00,Cherokee,98.26,98.52,98,101.24,26.97,20.78,33.58,27.28,20.78,33.58,70.36,92.55,41.11,71.17,92.55,41.11,1.24,0,210.84,18.22,1.16,5.45,2.16,6.96,154.18,34.25,155.62,27.27,25.18,27.96,22.74,24.83,26.34,23.35,24.7,24.4,24.06,23.08,0.09121,0.0965,0.12028,0.52328,17.72,17.95,20.28,38.54,1.6766,1.6863,1.7438,2.0771,1.1133,1.1186,1.1492,1.6592,0.3155,0.3188,0.3488,0.5016
737324,9/21/2018 0:00,Cherokee,98.19,98.41,97.89,101.16,27.34,22.41,33.45,27.45,22.41,33.45,66.35,88.8,38.34,68.68,88.8,38.34,1.37,0,205.87,17.79,2.2,7.74,3.63,12.03,170.32,21.36,172.64,20.1,25.56,27.72,23.85,25.24,26.39,24.18,25.12,24.83,24.45,23.34,0.08983,0.09523,0.11864,0.52291,16.72,17.48,19.98,38.14,1.6523,1.6749,1.737,2.071,1.1116,1.1171,1.1471,1.6588,0.3015,0.3123,0.3451,0.4992
737325,9/22/2018 0:00,Cherokee,98.85,99.23,98.21,101.89,20.48,16.5,24.55,20.54,16.5,24.55,76.76,92.14,65.34,78.74,92.14,65.34,0.56,1.27,53.75,4.64,2.01,7.78,3.24,11.39,18.45,46.36,17.27,47.19,23.52,24.98,21.57,24.01,25.21,22.6,23.5,23.81,24.01,23.47,0.08494,0.09167,0.11529,0.51816,16.29,17.23,19.74,37.01,1.6416,1.6687,1.7315,2.0533,1.1055,1.1127,1.143,1.6527,0.2954,0.3089,0.3422,0.4923
737326,9/23/2018 0:00,Cherokee,98.97,99.23,98.65,102.09,17.42,12.38,23.32,17.25,12.38,23.32,75.28,94.52,54.49,78.27,94.52,54.49,0.55,0.25,211.03,18.23,1.72,6.84,2.95,8.66,54.6,34.67,57.49,30.71,21.94,24.64,20.13,22.38,23.73,21.27,21.81,22.19,22.61,22.91,0.08067,0.08702,0.10949,0.50782,16.16,17.14,19.57,36.5,1.6378,1.666,1.7272,2.045,1.1002,1.107,1.1358,1.6396,0.2933,0.3075,0.34,0.4891
737327,9/24/2018 0:00,Cherokee,98.54,98.83,98.24,101.62,19.8,14.49,26.22,19.62,14.49,26.22,76.27,94.45,46.44,79.08,94.45,46.44,0.65,0,206.08,17.81,1.12,5.53,2.16,7.72,74.93,30,77.05,26.08,22.25,25.44,20.21,22.32,24.08,21.16,21.91,22.01,22.22,22.4,0.08031,0.08604,0.1073,0.49855,15.67,16.79,19.31,36.04,1.6254,1.6576,1.7213,2.0374,1.0997,1.1058,1.133,1.6278,0.286,0.3026,0.3367,0.4863
737328,9/25/2018 0:00,Cherokee,98.2,98.42,97.9,101.24,21.65,18.4,26.95,21.61,18.4,26.95,81.48,92.07,56.49,85.01,92.07,56.49,0.53,0,114.95,9.93,0.79,3.45,1.39,4.39,129.91,30.54,126.48,30.47,22.72,24.5,21.4,22.65,23.71,21.86,22.38,22.32,22.35,22.24,0.08085,0.08639,0.10669,0.49314,15.26,16.47,19.05,35.69,1.615,1.6496,1.7151,2.0318,1.1004,1.1062,1.1323,1.6209,0.2797,0.2979,0.3333,0.4841
737329,9/26/2018 0:00,Cherokee,98.35,99.08,98.07,101.38,22.36,15.11,30.69,22.19,15.11,30.69,77.63,95.07,40.25,81.22,95.07,40.25,0.75,4.32,167.94,14.51,2.44,8.94,3.92,14.6,185.06,73.73,191.92,73.44,23.38,26.09,21.79,23.22,24.75,22.23,23.04,22.9,22.74,22.27,0.08214,0.08707,0.10684,0.49114,15.21,16.25,18.86,35.45,1.6141,1.6442,1.7108,2.0278,1.102,1.107,1.1325,1.6184,0.2791,0.2948,0.3309,0.4825
737330,9/27/2018 0:00,Cherokee,99.19,99.55,98.95,102.33,13.71,7.43,18.13,13.9,7.43,18.13,76.46,93.81,48.4,77.34,93.81,48.4,0.41,0.51,90.39,7.81,1.48,4.68,2.35,6.14,11.76,23.61,14.11,22.62,20.18,21.82,17.07,21.15,22.77,19.15,20.34,21.1,21.81,22.21,0.07672,0.08309,0.10377,0.48823,15.76,16.27,18.7,35.21,1.6276,1.6445,1.7069,2.0238,1.0953,1.1021,1.1286,1.6147,0.2874,0.2951,0.3288,0.481
737331,9/28/2018 0:00,Cherokee,98.69,99.07,98.31,101.85,13.55,4.75,22.85,14.12,4.75,22.85,72.38,96.86,30.01,71.33,96.86,30.01,0.62,0,219.12,18.93,0.67,4.66,1.13,5.66,120.39,74.2,98.04,78.9,17.9,21.37,14.89,18.77,20.6,17.02,18.15,18.88,19.8,21.24,0.07136,0.07752,0.09731,0.47427,15.28,16.14,18.55,34.78,1.6149,1.6407,1.7032,2.0165,1.0886,1.0953,1.1206,1.597,0.2801,0.293,0.3269,0.4782
737332,9/29/2018 0:00,Cherokee,98.9,99.23,98.49,102.04,15.71,9.01,22.17,16,9.01,22.17,82.08,96.73,64.91,83.63,96.73,64.91,0.37,0,65.36,5.65,1.16,5.29,1.92,7.04,52.57,55.23,75.87,57.64,18.39,21.21,15.82,18.82,20.32,17.24,18.6,19,19.48,20.54,0.07189,0.07679,0.09482,0.46449,14.99,16,18.42,34.45,1.6074,1.6372,1.7,2.0109,1.0893,1.0944,1.1175,1.5846,0.2755,0.2911,0.3251,0.476
737333,9/30/2018 0:00,Cherokee,98.98,99.24,98.67,102.09,18.86,13.06,26.01,18.72,13.06,26.01,72.39,88.27,56.37,75.06,88.27,56.37,0.64,0,141.09,12.19,1.66,5.43,2.78,6.76,132.44,62.77,134.88,63.64,20.19,23.86,17.31,20.07,22.26,18.19,19.86,19.82,19.9,20.3,0.07429,0.07738,0.09412,0.46078,15.02,16.02,18.36,34.27,1.6085,1.6376,1.6986,2.0079,1.0922,1.0951,1.1167,1.5798,0.2761,0.2912,0.3244,0.4748
737334,10/1/2018 0:00,Cherokee,98.92,99.13,98.73,101.99,21.16,18.61,24.21,21.13,18.61,24.21,80.7,90.58,67.68,84.11,90.58,67.68,0.51,0,55.6,4.8,1.77,5.59,2.81,7.78,163.05,18.03,164.25,20.13,21.19,22.58,20.1,21.1,21.98,20.34,20.86,20.78,20.73,20.57,0.07768,0.08047,0.09698,0.46256,15.01,16.02,18.31,34.25,1.6084,1.6379,1.6976,2.0077,1.0965,1.0989,1.1202,1.5821,0.2759,0.2913,0.3237,0.4747
737335,10/2/2018 0:00,Cherokee,98.91,99.16,98.64,101.98,20.76,16.45,26.88,20.99,16.45,26.88,85.91,96.57,61.99,89.27,96.57,61.99,0.4,0,71.76,6.2,1.51,6.78,2.56,8.25,161.6,30.66,163.34,29.84,20.98,23.74,18.98,21.01,22.5,19.77,20.78,20.81,20.83,20.74,0.07855,0.08085,0.09704,0.46337,14.98,16.01,18.25,34.26,1.6077,1.6378,1.6962,2.0077,1.0976,1.0994,1.1203,1.5831,0.2754,0.2912,0.3229,0.4747
737336,10/3/2018 0:00,Cherokee,98.73,99.06,98.42,101.77,23.47,17.61,30.14,23.57,17.61,30.14,76.85,96.56,50.17,80.13,96.56,50.17,0.8,0,120.97,10.45,1.69,6.37,2.91,9.23,168.56,16.08,168.97,16.69,22.24,25.82,19.11,21.89,24.01,19.87,21.78,21.49,21.25,20.84,0.08158,0.08253,0.09789,0.46374,14.95,15.99,18.22,34.21,1.6072,1.6374,1.6954,2.0069,1.1013,1.1015,1.1213,1.5836,0.275,0.2909,0.3225,0.4744
737337,10/4/2018 0:00,Cherokee,98.19,98.53,97.84,101.19,25.71,21.26,31.57,25.7,21.26,31.57,68.46,87.72,46.03,71.61,87.72,46.03,1.16,0,135.69,11.72,3.4,10.29,5.28,14.31,180.96,16.81,184.42,15.23,23.35,26.04,21.37,22.98,24.57,21.64,22.83,22.47,22.12,21.25,0.08412,0.08417,0.09852,0.46763,14.89,15.97,18.17,34.28,1.6058,1.6368,1.6943,2.0083,1.1045,1.1035,1.1221,1.5885,0.274,0.2905,0.3218,0.4749
737338,10/5/2018 0:00,Cherokee,98.55,98.83,98.21,101.61,18.15,15.57,24.68,18.01,15.57,24.68,88.47,96.53,73.79,92.63,96.53,73.79,0.25,28.45,38.58,3.33,2.15,7.58,3.51,9.11,34.35,55.32,35.51,55.91,21.31,22.86,19.78,21.78,23.09,20.51,21.45,21.76,21.94,21.58,0.1227,0.09791,0.10848,0.47936,20.74,19.72,20.44,35.69,1.746,1.7266,1.7465,2.0312,1.1526,1.1204,1.1345,1.6034,0.3524,0.3405,0.3502,0.4839
737339,10/6/2018 0:00,Cherokee,98.22,98.46,97.95,101.26,23.91,15.71,31.09,23.9,15.71,31.09,75.73,96.95,46.03,78.69,96.95,46.03,0.89,0.25,111.39,9.62,2.22,8.41,3.6,11.41,181.92,33.52,181.46,38.36,22.46,26.13,19.46,22.06,24.38,20.1,21.99,21.7,21.49,21.27,0.12664,0.10185,0.11259,0.48693,20.83,20.17,20.73,36.99,1.75,1.7382,1.7536,2.0523,1.1575,1.1252,1.1396,1.613,0.3554,0.3475,0.3542,0.4922
737340,10/7/2018 0:00,Cherokee,98.34,98.73,98.01,101.37,21.3,15.24,27.24,21.11,15.24,27.24,83.7,95.8,67.71,88.08,95.8,67.71,0.45,3.56,75.9,6.56,2.04,6.82,3.28,10.98,335.15,98.58,322.02,97.49,22.9,25.4,20.92,22.86,24.15,21.79,22.67,22.54,22.33,21.56,0.12805,0.1022,0.11385,0.49207,20.84,19.86,20.6,37.22,1.7503,1.7312,1.7508,2.0561,1.1592,1.1257,1.1412,1.6196,0.3555,0.3437,0.3527,0.4936
737341,10/8/2018 0:00,Cherokee,98.39,98.69,98.13,101.46,21.27,16.5,25.56,21.23,16.5,25.56,87.77,96.3,71.07,91.41,96.3,71.07,0.34,2.29,69.37,5.99,1.36,5.59,2.28,7.57,133.75,50.67,134.12,53.39,22.34,24.64,20.47,22.24,23.59,21.09,22.06,22.01,21.97,21.64,0.13338,0.10439,0.11486,0.49464,22.4,20.48,20.73,37.45,1.7844,1.7455,1.7538,2.0597,1.1659,1.1284,1.1424,1.6228,0.3734,0.3513,0.3543,0.495
737342,10/9/2018 0:00,Cherokee,98.19,98.37,98,101.2,24.14,21.44,29.06,24.12,21.44,29.06,73.47,89.74,51.19,76.45,89.74,51.19,0.85,0,110.25,9.53,2.36,8.74,3.68,12.11,150.79,23.28,151.16,22.38,23.44,25.93,21.64,23.13,24.59,21.95,22.95,22.67,22.41,21.71,0.13519,0.1059,0.11697,0.49784,22.3,20.25,20.74,37.72,1.7824,1.7402,1.7541,2.064,1.1682,1.1302,1.1451,1.6269,0.3723,0.3484,0.3544,0.4966
737343,10/10/2018 0:00,Cherokee,97.77,98.19,97.33,100.8,19.5,16.5,25.49,19.54,16.5,25.49,90.32,96.77,69.77,93.32,96.77,69.77,0.24,47.5,49.07,4.24,1.96,10.66,3.14,15.33,152.41,48.45,153.47,49.49,21.77,23.79,19.95,22.15,23.15,20.87,21.83,21.98,22.15,21.86,0.15097,0.12459,0.13271,0.53142,29.19,25.14,24.3,41.03,1.9206,1.8453,1.8305,2.1148,1.1878,1.1532,1.1646,1.6696,0.4362,0.4008,0.393,0.5161
737344,10/11/2018 0:00,Cherokee,98.17,98.78,97.54,101.29,12.74,7.96,17.72,12.6,7.96,17.72,79.51,95.82,54.74,80.9,95.82,54.74,0.3,1.78,78.41,6.77,2.35,7.1,3.92,10.04,279.89,45.6,281.46,40.85,18.32,19.96,15.3,19.45,20.88,17.41,19.1,19.77,20.55,21.31,0.1454,0.12793,0.13544,0.53191,30.72,26.8,25.49,41.69,1.9508,1.8798,1.8554,2.1249,1.1809,1.1574,1.168,1.6702,0.4496,0.4173,0.4051,0.52
737345,10/12/2018 0:00,Cherokee,98.95,99.29,98.66,102.16,9.69,5.33,15.41,9.53,5.33,15.41,71.87,92,42.28,71.94,92,42.28,0.38,0,141.01,12.18,1.29,6.53,2.16,8.08,343.28,37.76,346.59,44.6,16.11,20.05,13.03,17.05,19.1,15.14,16.84,17.61,18.5,20.13,0.1367,0.12425,0.13262,0.51827,30.83,27.08,25.87,41.63,1.953,1.8855,1.8631,2.124,1.17,1.1528,1.1645,1.6529,0.4505,0.4198,0.4088,0.5196
737346,10/13/2018 0:00,Cherokee,98.51,98.85,98.11,101.7,9.89,7.22,11.7,9.82,7.22,11.7,90.07,95.95,79.22,93.24,95.95,79.22,0.12,7.62,17.42,1.51,0.89,4.55,1.52,6.17,27.37,41.56,32.22,42.75,15.18,15.95,13.82,16.21,16.96,15.36,15.9,16.83,17.67,19.3,0.13391,0.12387,0.13238,0.5091,30.7,27.17,26.01,41.55,1.9505,1.8872,1.866,2.1228,1.1666,1.1523,1.1642,1.6412,0.4495,0.4205,0.4101,0.5192
737347,10/14/2018 0:00,Cherokee,98.28,98.6,97.97,101.47,9.57,5.43,11.7,9.54,5.43,11.7,91.98,97.28,78.03,95.1,97.28,78.03,0.1,0.76,30.69,2.65,0.88,3.9,1.62,5.27,66.26,36.65,69.91,33.83,14,14.94,12.55,14.92,15.38,14.13,14.68,15.59,16.49,18.44,0.12896,0.11989,0.1292,0.49955,30.98,27.26,26.08,41.38,1.956,1.889,1.8672,2.1202,1.1604,1.1475,1.1603,1.6291,0.4516,0.4213,0.4107,0.5182
737348,10/15/2018 0:00,Cherokee,98.4,99.33,97.94,101.57,9.77,2.3,13.61,9.61,2.3,13.61,92.91,96.7,86.56,96.29,96.7,86.56,0.09,5.33,21.95,1.9,2.11,9.62,3.63,12.62,28.25,45.13,28.65,45.36,14.36,15.96,11.28,15.17,15.97,13.51,14.91,15.59,16.22,17.8,0.13136,0.12041,0.12913,0.49269,30.72,27.28,26.09,41.33,1.9509,1.8895,1.8676,2.1195,1.1634,1.1481,1.1602,1.6204,0.4496,0.4216,0.4109,0.5179
737349,10/16/2018 0:00,Cherokee,99.63,99.95,99.18,102.92,4.41,1.72,9.27,4.28,1.72,9.27,75.29,94.1,47.09,74.7,94.1,47.09,0.23,0,80.42,6.95,2.31,7.76,3.64,10.68,1,25.01,0,23.08,11.57,15.11,9.4,12.78,14.47,11.42,12.58,13.65,14.75,17.06,0.12374,0.11397,0.124,0.4843,30.83,27.51,26.21,41.3,1.9531,1.894,1.8699,2.119,1.1539,1.1402,1.1538,1.6097,0.4504,0.4235,0.4119,0.5177
737350,10/17/2018 0:00,Cherokee,99.52,99.77,99.19,102.79,6.92,0.65,16.5,7.21,0.65,16.5,75.64,95.91,30.51,74.41,95.91,30.51,0.33,0.25,103.63,8.95,0.55,3.29,0.97,4.1,288.03,68.9,270.47,76.43,11.99,16.43,9.06,12.7,15.18,10.78,12.52,13.2,13.98,16.17,0.12343,0.11269,0.1217,0.473,30.79,27.51,26.18,41.11,1.9525,1.8939,1.8694,2.1162,1.1535,1.1386,1.1509,1.5954,0.4502,0.4235,0.4116,0.5166
737351,10/18/2018 0:00,Cherokee,99.84,100.14,99.44,103.08,10.88,2.05,20.4,11.55,2.05,20.4,72.47,97.7,31.92,68.65,97.7,31.92,0.53,0,127.85,11.05,0.85,5.62,1.51,7.23,33.97,36.17,40.59,42.23,13.2,17.82,9.2,13.5,16.12,11.01,13.33,13.67,14.16,15.78,0.12713,0.11546,0.123,0.46864,30.42,27.47,26.15,41.05,1.9454,1.8932,1.8686,2.1153,1.1581,1.142,1.1526,1.5898,0.4473,0.4232,0.4113,0.5163
737352,10/19/2018 0:00,Cherokee,99.88,100.25,99.32,103.09,12.43,6.81,19.2,12.79,6.81,19.2,64.74,87.43,28.13,60.8,87.43,28.13,0.59,0,101.77,8.79,0.8,4.14,1.57,5.72,93.25,40.59,100.72,40.22,14.45,18.11,11.64,14.59,16.49,12.84,14.33,14.52,14.83,15.81,0.11909,0.11883,0.12581,0.46993,27.74,27.14,26.03,41.05,1.894,1.8867,1.8664,2.1153,1.1481,1.1461,1.156,1.5915,0.4256,0.4203,0.4103,0.5163
737353,10/20/2018 0:00,Cherokee,99.09,99.46,98.75,102.27,11.81,9.8,13.47,11.72,9.8,13.47,89.63,96.7,75.87,93.19,96.7,75.87,0.14,6.1,18.38,1.59,1.87,6.43,2.98,8.86,192.02,22.29,197.08,23.87,14.23,14.74,13.52,14.68,15.17,14.26,14.4,14.78,15.16,15.98,0.12393,0.11672,0.12746,0.4728,29.66,26.85,26.07,41.03,1.9308,1.8808,1.8671,2.1151,1.1541,1.1435,1.1581,1.5951,0.4411,0.4177,0.4106,0.5162
737354,10/21/2018 0:00,Cherokee,99.4,99.77,98.96,102.58,12.94,5.96,20.63,13.14,5.96,20.63,63.4,97.75,24.18,62.44,97.75,24.18,0.67,0.25,121.18,10.47,1.59,6.74,2.76,9.7,337.19,38.14,335.93,38.85,14.74,18.53,12.04,15.03,17.07,13.4,14.86,15.02,15.23,15.92,0.1317,0.11812,0.12796,0.47259,30.56,27.14,26.09,41.03,1.948,1.8867,1.8675,2.115,1.1638,1.1453,1.1587,1.5948,0.4484,0.4203,0.4108,0.5162
737355,10/22/2018 0:00,Cherokee,99.48,99.87,98.97,102.71,9.63,0.79,18.06,9.96,0.79,18.06,58.71,90.55,27.72,56.26,90.55,27.72,0.6,0,162.82,14.07,1.21,5.72,2.17,7.15,150.6,59.06,146.73,62.09,12.95,17.5,9.21,13.63,15.97,11.31,13.36,13.97,14.57,15.78,0.1243,0.11581,0.1259,0.47076,29.39,27.19,26.03,40.97,1.9258,1.8876,1.8663,2.1141,1.1546,1.1424,1.1562,1.5925,0.4392,0.4207,0.4102,0.5158
737356,10/23/2018 0:00,Cherokee,99.06,99.24,98.86,102.25,11.74,4.92,20.74,12.27,4.92,20.74,71.16,93.12,38.38,68.97,93.12,38.38,0.51,0,153.8,13.29,1.34,6.06,2.23,7.9,169.75,51.75,175.76,32.2,13.54,17.98,10.16,13.91,16.35,11.78,13.69,14.02,14.42,15.47,0.11622,0.11429,0.12592,0.46712,27.49,26.53,25.95,40.79,1.8889,1.8744,1.8647,2.1113,1.1445,1.1406,1.1562,1.5879,0.4233,0.4148,0.4095,0.5148
737357,10/24/2018 0:00,Cherokee,99.32,99.57,99.11,102.5,13.67,5.9,22.64,14.1,5.9,22.64,69.7,96.56,39.12,69.17,96.56,39.12,0.61,0,137.72,11.9,0.94,4.9,1.72,6.02,46.28,27.67,55.09,29.7,14.67,19.35,11.12,14.71,17.34,12.49,14.51,14.59,14.77,15.44,0.10938,0.10727,0.12734,0.46723,26.15,24.62,25.85,40.76,1.8622,1.8352,1.8626,2.1108,1.136,1.1319,1.1579,1.588,0.4114,0.3966,0.4085,0.5146
737358,10/25/2018 0:00,Cherokee,99.13,99.42,98.74,102.31,12.39,7.01,17.52,12.47,7.01,17.52,62.32,86.75,42.14,61.58,86.75,42.14,0.59,0,85.49,7.39,1.01,4.55,2.18,5.53,76.22,30.95,77.88,25.58,13.9,16.07,11.62,14.37,15.47,12.95,14.05,14.47,14.87,15.59,0.10178,0.10245,0.11889,0.46933,25.55,23.87,24.54,40.75,1.85,1.8194,1.8358,2.1107,1.1265,1.126,1.1474,1.5907,0.4057,0.3891,0.3959,0.5146
737359,10/26/2018 0:00,Cherokee,98.33,98.87,97.97,101.51,9.34,8.23,10.78,9.23,8.23,10.78,90.54,94.31,79.07,93.71,94.31,79.07,0.11,4.83,30.68,2.65,1.07,4,1.88,5.76,30.84,59.52,33.64,59.81,13.48,14.25,12.62,14.03,14.45,13.52,13.76,14.23,14.69,15.5,0.10051,0.10438,0.12518,0.4682,26,24.83,25.74,40.73,1.859,1.8394,1.8604,2.1103,1.1249,1.1284,1.1553,1.5893,0.4099,0.3986,0.4075,0.5144
737360,10/27/2018 0:00,Cherokee,98.14,98.38,97.9,101.31,10.21,6.65,16.29,10.16,6.65,16.29,79.8,94.45,52.08,82.06,94.45,52.08,0.29,0,126.55,10.93,1.6,5.76,2.81,8.41,313.77,24.46,299.27,52.23,13.5,16.77,11.64,13.9,15.68,12.71,13.72,14.04,14.39,15.28,0.10376,0.11132,0.12625,0.46493,26.86,26.49,26,40.68,1.8765,1.8736,1.8657,2.1097,1.129,1.1369,1.1566,1.5851,0.4178,0.4145,0.41,0.5142
737361,10/28/2018 0:00,Cherokee,98.26,98.52,98.04,101.42,13.66,5.02,24,14.25,5.02,24,69.78,97.1,26.34,68.38,97.1,26.34,0.68,0,155.44,13.43,0.61,4.7,1.35,5.74,232.67,60.41,209.82,53.7,13.83,18.6,10.12,14.01,16.73,11.68,13.88,14.04,14.3,15.12,0.10273,0.10458,0.12646,0.46336,26.36,25.04,25.93,40.61,1.8664,1.8439,1.8643,2.1085,1.1277,1.1286,1.1569,1.5831,0.4133,0.4008,0.4093,0.5137
737362,10/29/2018 0:00,Cherokee,98.73,99.06,98.11,101.87,13.35,5.09,20.69,14,5.09,20.69,61.52,92.37,22.34,58.16,92.37,22.34,0.71,0,157.62,13.62,1.45,7.96,2.4,10.13,345.49,56.32,349.03,65.42,14.16,18.01,12.01,14.47,16.52,13.04,14.25,14.47,14.71,15.21,0.10075,0.10171,0.12049,0.46494,25.71,24.19,24.8,40.59,1.8532,1.8261,1.8412,2.1083,1.1252,1.1251,1.1494,1.5851,0.4072,0.3923,0.3984,0.5136
737363,10/30/2018 0:00,Cherokee,98.48,99,97.93,101.64,14.6,4.34,23.6,15.31,4.34,23.6,63.17,94.44,37.04,57.74,94.44,37.04,0.8,0,129.48,11.19,1.79,5.86,2.91,8.11,141.09,50.67,138.76,39.31,13.7,17.58,9.99,13.92,16.12,11.66,13.74,13.98,14.31,15.14,0.0984,0.09771,0.11511,0.46389,25.27,23.73,24.18,40.5,1.8442,1.8163,1.8282,2.1068,1.1223,1.1201,1.1427,1.5838,0.4031,0.3876,0.3923,0.5131
737364,10/31/2018 0:00,Cherokee,97.85,98.2,97.64,100.91,18.2,13.06,22.11,18.2,13.06,22.11,78.93,87.66,70.13,81.96,87.66,70.13,0.46,2.03,19.68,1.7,2.96,9.19,4.62,12.43,176.92,64.27,180.89,64,15.91,17.41,14.36,15.7,16.74,14.68,15.56,15.39,15.26,15.28,0.10338,0.09651,0.11616,0.46573,25.28,23.33,23.82,40.47,1.8445,1.8078,1.8206,2.1064,1.1285,1.1187,1.1441,1.5861,0.4032,0.3834,0.3885,0.513
737365,11/1/2018 0:00,Cherokee,98.26,98.54,97.97,101.41,11.48,9.08,13.4,11.41,9.08,13.4,68.43,78.54,55.38,69.26,78.54,55.38,0.43,1.02,26.79,2.31,2.28,6.55,3.46,8.08,18.79,19.74,19,17.28,13.94,15.42,12.47,14.64,15.93,13.57,14.32,14.82,15.21,15.59,0.09822,0.09259,0.11572,0.47059,25.32,23.29,24.04,40.61,1.8452,1.807,1.8252,2.1086,1.122,1.1138,1.1435,1.5923,0.4035,0.3831,0.3908,0.5138
737366,11/2/2018 0:00,Cherokee,98.16,98.38,97.9,101.35,7.81,4.55,10.82,7.94,4.55,10.82,83.31,90.7,65.11,84.26,90.7,65.11,0.18,8.13,45.15,3.9,1.3,5.53,2.2,7.47,354.63,96.75,338.05,98.4,11.98,13.76,9.98,12.89,13.66,11.69,12.6,13.4,14.06,15.22,0.10367,0.09622,0.11845,0.46618,28.64,25.85,25.44,40.62,1.9104,1.8599,1.8542,2.1087,1.1288,1.1183,1.1469,1.5867,0.4319,0.4078,0.4046,0.5138
737367,11/3/2018 0:00,Cherokee,98.11,98.29,97.86,101.31,8.43,3.76,14.75,8.63,3.76,14.75,73.18,91.51,40.06,71.63,91.51,40.06,0.35,0.25,139.08,12.02,1.98,8.29,3.43,11.74,247.61,65.48,232.85,62.3,11.26,14.33,9.51,12.01,13.65,10.88,11.79,12.47,13.13,14.6,0.11248,0.10132,0.11903,0.45887,31.23,27.66,26.13,40.49,1.9608,1.897,1.8684,2.1067,1.1398,1.1246,1.1476,1.5774,0.4535,0.4249,0.4112,0.5131
737368,11/4/2018 0:00,Cherokee,97.94,98.28,97.61,101.11,12.02,2.91,19.08,12.08,2.91,19.08,66.25,94.49,36.97,66.63,94.49,36.97,0.55,6.86,47.28,4.09,2.19,9.19,3.47,11.41,152.77,33.51,154.91,30.1,11.53,13.5,9.5,11.91,13.04,10.83,11.71,12.18,12.73,14.14,0.10903,0.10404,0.1184,0.4527,29.68,27.96,26.18,40.34,1.9315,1.903,1.8693,2.1045,1.1355,1.1279,1.1468,1.5696,0.4414,0.4274,0.4116,0.5122
737369,11/5/2018 0:00,Cherokee,98.28,98.64,97.84,101.46,7.86,4.14,10.75,8.06,4.14,10.75,78.17,90.9,57.59,77.36,90.9,57.59,0.24,0,26,2.25,2.1,6.74,3.64,9.07,266.76,66,261.25,64.97,11,12.57,8.86,11.88,12.83,10.46,11.58,12.27,12.83,13.98,0.11183,0.10512,0.11877,0.45205,30.96,28.26,26.3,40.35,1.9558,1.9088,1.8717,2.1045,1.139,1.1293,1.1473,1.5688,0.4515,0.43,0.4128,0.5122
737370,11/6/2018 0:00,Cherokee,97.63,98.25,97.17,100.8,10.28,5.5,17.86,10.68,5.5,17.86,78.35,90.97,51.12,78.06,90.97,51.12,0.31,4.32,39.84,3.44,2.07,8.02,3.44,10.29,184.88,56.87,187.74,55.54,10.62,13.85,8.81,11.11,12.87,10.12,10.92,11.46,12.02,13.55,0.11039,0.10271,0.11554,0.44654,31.2,28.37,26.32,40.22,1.9603,1.911,1.8721,2.1026,1.1372,1.1263,1.1433,1.5618,0.4532,0.4309,0.413,0.5115
737371,11/7/2018 0:00,Cherokee,98.52,98.97,97.9,101.72,8.07,2.74,14.54,8.61,2.74,14.54,70.53,94.72,37.26,68.59,94.72,37.26,0.37,0,62.27,5.38,1.33,4.98,2.3,7.21,23.26,47.42,23.6,52.1,10.1,13.5,7.74,10.78,12.5,9.34,10.58,11.19,11.8,13.25,0.11059,0.10276,0.11503,0.44275,31.43,28.5,26.38,40.18,1.9647,1.9136,1.8734,2.102,1.1375,1.1264,1.1426,1.557,0.455,0.432,0.4135,0.5113
737372,11/8/2018 0:00,Cherokee,99.17,99.46,98.8,102.41,7.58,2.77,13.61,7.44,2.77,13.61,65,92.06,38.16,66.1,92.06,38.16,0.4,0,66,5.7,2.23,6.96,3.42,8.92,32.31,17.38,33.33,14.7,9.51,12.14,7.42,10.21,11.52,8.89,9.96,10.62,11.3,12.89,0.10941,0.10152,0.11338,0.43816,31.53,28.6,26.4,40.11,1.9664,1.9156,1.8737,2.1009,1.136,1.1248,1.1406,1.5512,0.4557,0.4329,0.4137,0.5109
737373,11/9/2018 0:00,Cherokee,99.28,99.51,99.01,102.55,3.91,0.37,6.36,3.7,0.37,6.36,77.79,95.44,59.64,79.62,95.44,59.64,0.19,4.83,5.41,0.47,2.63,7.04,4.06,8.88,33.01,22.28,34.02,20.62,8.12,9.18,6.81,9.23,10.25,8.18,8.88,9.88,10.76,12.55,0.10675,0.10033,0.11199,0.43345,31.44,28.69,26.44,40.04,1.9648,1.9173,1.8744,2.0999,1.1327,1.1234,1.1389,1.5452,0.455,0.4335,0.414,0.5104
737374,11/10/2018 0:00,Cherokee,99.79,100.26,99.29,103.13,0.07,-6.42,4.5,-0.18,-6.42,4.5,76.71,93.72,42.33,76.58,93.72,42.33,0.14,0,21.35,1.84,2.89,7.86,4.84,12.13,335.99,21.34,334.34,18.54,6.41,8.41,3.57,7.72,8.66,6,7.44,8.59,9.63,11.9,0.10202,0.09628,0.10798,0.42519,31.85,28.84,26.55,39.9,1.9725,1.9203,1.8768,2.0977,1.1268,1.1184,1.1339,1.5347,0.458,0.4348,0.4151,0.5096
737375,11/11/2018 0:00,Cherokee,99.63,100.21,98.98,103.02,-1.03,-9.74,7.21,-1.13,-9.74,7.21,56.48,90.44,26.81,54.89,90.44,26.81,0.31,0,50.83,4.39,1.73,5.66,2.78,7.72,132.49,55.82,127.95,55.07,4.34,7.24,2.33,5.59,6.92,4.28,5.31,6.59,7.92,10.97,0.09596,0.09103,0.1023,0.41315,32.06,29.01,26.56,39.64,1.9765,1.9237,1.877,2.0936,1.1192,1.1119,1.1268,1.5195,0.4595,0.4362,0.4152,0.5081
737376,11/12/2018 0:00,Cherokee,99.17,99.39,98.98,102.45,4.81,0.11,8.33,4.68,0.11,8.33,59.56,77.79,45.71,59.42,77.79,45.71,0.36,0,28.39,2.45,1.52,5.68,2.35,6.98,92.77,77.06,94.39,78.15,6.19,8.15,4.29,6.75,7.94,5.66,6.59,7.19,7.93,10.26,0.10116,0.09379,0.10302,0.40445,31.97,28.99,26.54,39.45,1.9748,1.9233,1.8765,2.0906,1.1257,1.1153,1.1277,1.5085,0.4589,0.436,0.4149,0.507
737377,11/13/2018 0:00,Cherokee,99.66,100.21,99.07,103,-0.92,-4.65,4.84,-1.02,-4.65,4.84,84.61,97.03,72.94,83.55,97.03,72.94,0.09,1.52,36.22,3.13,3.51,8.9,5.22,11.86,6.45,18.68,6.08,15.75,5.69,6.69,5.07,6.67,7.45,6.12,6.41,7.28,8.12,10.15,0.10097,0.09483,0.10391,0.40349,31.91,29.01,26.56,39.47,1.9736,1.9236,1.8769,2.091,1.1255,1.1166,1.1288,1.5072,0.4584,0.4363,0.4151,0.5071
737378,11/14/2018 0:00,Cherokee,100.27,100.54,100.07,103.7,-4.66,-8.73,-0.88,-4.67,-8.73,-0.88,69.01,89.96,51.36,65.57,89.96,51.36,0.14,3.81,27.23,2.35,1.87,5.72,2.96,8,353.31,22.58,0,25.88,5.04,7.26,3.13,6.02,7.08,5.08,5.8,6.66,7.54,9.77,0.09975,0.09383,0.10235,0.39884,32.06,29.1,26.61,39.38,1.9765,1.9254,1.8779,2.0896,1.124,1.1154,1.1269,1.5014,0.4595,0.4369,0.4156,0.5066
737379,11/15/2018 0:00,Cherokee,99.93,100.32,99.35,103.35,-4.2,-10.69,3.56,-3.58,-10.69,3.56,73.55,93.32,35.45,68.99,93.32,35.45,0.15,0,15.55,1.34,0.67,4.68,1.13,5.25,40.74,43.11,51.32,41.53,3.7,6.81,1.97,4.78,6.27,3.62,4.38,5.41,6.58,9.22,0.09575,0.09044,0.09942,0.39118,32.15,29.18,26.64,39.24,1.9783,1.927,1.8785,2.0875,1.119,1.1112,1.1232,1.4917,0.4602,0.4376,0.4159,0.5057
737380,11/16/2018 0:00,Cherokee,98.84,99.47,98.36,102.17,1.43,-7.77,12.65,2.38,-7.77,12.65,67.51,93.96,32.98,62.26,93.96,32.98,0.32,0.25,34.6,2.99,1.37,5.98,2.17,7.88,165.43,64.88,164.56,45.21,4.15,7.48,1.88,4.85,6.65,3.39,4.61,5.31,6.22,8.68,0.09708,0.09064,0.09855,0.38435,32.19,29.18,26.62,39.03,1.979,1.927,1.8781,2.0841,1.1206,1.1114,1.1222,1.483,0.4604,0.4376,0.4157,0.5045
737381,11/17/2018 0:00,Cherokee,98.72,99.08,98.41,101.97,6.9,-2.88,17.11,8.13,-2.88,17.11,63.99,94.17,30.1,59.79,94.17,30.1,0.49,0,82.08,7.09,0.76,4.78,1.36,5.68,98.21,59.76,115.61,62.36,6.17,10.39,3.09,6.33,8.72,4.37,6.17,6.39,6.83,8.54,0.10314,0.09456,0.1011,0.38291,32.09,29.12,26.57,39,1.9769,1.9258,1.8772,2.0837,1.1282,1.1163,1.1253,1.4812,0.4597,0.4371,0.4153,0.5043
737382,11/18/2018 0:00,Cherokee,98.77,99.29,98.41,101.96,9.62,3.69,18.13,9.66,3.69,18.13,62.78,85.88,33.1,63.56,85.88,33.1,0.52,0,67.1,5.8,1.9,7.74,2.94,10.33,95.39,94.12,122.03,95.39,7.98,11.78,5.41,7.93,10.04,6.27,7.78,7.76,7.92,8.88,0.10863,0.09928,0.10504,0.38722,31.39,29.04,26.52,39.06,1.9638,1.9242,1.8761,2.0846,1.135,1.1221,1.1302,1.4867,0.4546,0.4364,0.4147,0.5047
737383,11/19/2018 0:00,Cherokee,99.3,99.6,99.03,102.61,0.19,-1.3,3.9,-0.06,-1.3,3.9,90.11,95.94,84.2,92.23,95.94,84.2,0.06,0.51,14.92,1.29,2.14,7.02,3.27,9.23,354.71,32.09,353.06,32.74,6.11,7.76,5.35,7.04,8.5,6.25,6.75,7.48,8.14,9.29,0.09756,0.09881,0.10579,0.39257,29.58,29.07,26.52,39.2,1.9297,1.9247,1.876,2.0868,1.1212,1.1215,1.1312,1.4934,0.4408,0.4366,0.4147,0.5055
737384,11/20/2018 0:00,Cherokee,99.08,99.47,98.83,102.38,3.9,-0.68,10.52,3.85,-0.68,10.52,72.57,92.38,47.46,72.07,92.38,47.46,0.26,0,11.52,1,1.75,5.74,2.92,7.64,253.24,54.12,258.52,50.2,6.6,9.49,4.81,6.95,8.56,5.82,6.82,7.15,7.61,9.04,0.09588,0.09845,0.10448,0.38923,29.09,28.88,26.51,39.1,1.9205,1.9211,1.8759,2.0852,1.1191,1.121,1.1295,1.4892,0.4369,0.4351,0.4146,0.5049
737385,11/21/2018 0:00,Cherokee,99.58,99.91,99.37,102.89,2.51,-3.56,9.68,2.89,-3.56,9.68,67.96,89.53,41.98,65.85,89.53,41.98,0.27,0,51.21,4.42,1.05,3.76,1.89,5.12,278.91,92.57,265.88,93.5,6.07,9.45,3.73,6.68,8.37,5.18,6.44,6.97,7.57,9,0.09013,0.09317,0.10456,0.38852,28.08,27.59,26.52,39.08,1.9007,1.8957,1.8761,2.0849,1.112,1.1145,1.1296,1.4883,0.4284,0.4243,0.4147,0.5048
737386,11/22/2018 0:00,Cherokee,99.44,99.7,99.25,102.72,6.51,-1.53,15.5,6.96,-1.53,15.5,60.98,88.64,31,59.27,88.64,31,0.47,0,58.48,5.05,1.71,7.12,2.93,10.53,181.05,20.53,185.08,18.65,6.18,9.47,3.74,6.64,8.44,5.07,6.44,6.85,7.41,8.86,0.08617,0.08831,0.10425,0.38671,27.19,26.36,26.46,39.01,1.8832,1.871,1.8749,2.0838,1.107,1.1086,1.1292,1.486,0.4208,0.4133,0.4142,0.5044
737387,11/23/2018 0:00,Cherokee,99.07,99.52,98.31,102.31,8.27,0.93,16.5,8.63,0.93,16.5,58.81,85.2,32.14,57.8,85.2,32.14,0.53,0,48.83,4.22,1.93,7.04,3.18,8.33,168.46,17.36,170.91,15.58,6.67,10.14,4.02,6.97,8.86,5.31,6.78,7.07,7.54,8.82,0.0855,0.0863,0.1047,0.38592,26.82,25.43,26.38,38.96,1.8757,1.8519,1.8732,2.0829,1.1062,1.1061,1.1298,1.485,0.4174,0.4046,0.4135,0.504
737388,11/24/2018 0:00,Cherokee,97.6,98.44,97.1,100.76,9.08,4.68,10.9,9.18,4.68,10.9,74.59,93.94,53.75,76.53,93.94,53.75,0.3,1.27,0.96,0.08,2.64,9.06,4.1,11.7,169.13,18.2,170.51,16.75,7.66,8.85,6.68,7.88,8.58,7.44,7.69,7.87,8.15,8.99,0.08683,0.08754,0.10673,0.38753,26.82,25.66,26.3,38.86,1.8758,1.8566,1.8716,2.0813,1.1079,1.1076,1.1323,1.487,0.4175,0.4067,0.4127,0.5035
737389,11/25/2018 0:00,Cherokee,97.34,97.77,96.83,100.52,10.06,-0.3,20.51,10.84,-0.3,20.51,59.76,94.41,22.69,56.18,94.41,22.69,0.69,0,61.37,5.3,1.47,5.98,2.42,7.84,148.95,40.28,159.11,28.33,7.74,11.37,4.65,7.87,9.83,5.97,7.74,7.89,8.18,9.11,0.08652,0.08738,0.10674,0.3892,26.82,25.65,26.27,38.86,1.8757,1.8564,1.8709,2.0814,1.1075,1.1074,1.1323,1.4892,0.4175,0.4067,0.4125,0.5035
737390,11/26/2018 0:00,Cherokee,97.47,99,96.49,100.64,5.1,-3.57,13.02,5.1,-3.57,13.02,69.33,91.99,49.56,68.97,91.99,49.56,0.33,0.25,8.63,0.75,4.54,12,7.35,17.44,260.37,81.01,261.19,78.2,6.94,8.85,3.99,7.8,8.78,5.78,7.46,8.05,8.58,9.35,0.084,0.08594,0.10715,0.39246,26.72,25.49,26.13,38.89,1.8737,1.8532,1.8682,2.0819,1.1043,1.1056,1.1329,1.4933,0.4166,0.4052,0.4112,0.5037
737391,11/27/2018 0:00,Cherokee,99.22,99.59,98.89,102.59,-2.47,-6.55,4.09,-2.55,-6.55,4.09,72.68,89.12,49.13,71.4,89.12,49.13,0.16,0,10.71,0.93,2.14,8.43,3.56,11.41,319.53,43.89,314.48,46.21,3.64,5.92,2.3,4.86,5.79,3.97,4.51,5.55,6.69,8.9,0.07434,0.07718,0.09275,0.38664,26.24,25,24.93,38.89,1.8639,1.8429,1.8436,2.0818,1.0923,1.0949,1.115,1.4859,0.4122,0.4004,0.3997,0.5036
737392,11/28/2018 0:00,Cherokee,98.98,99.28,98.61,102.32,-1.02,-3.83,3.01,-1.07,-3.83,3.01,72.24,92.26,48.57,70.8,92.26,48.57,0.17,0,3.21,0.28,1.25,6.19,2.1,8,345.81,56.05,345.26,55.58,4.14,6.74,2.73,4.85,6.18,4.01,4.63,5.28,6.1,8.21,0.07432,0.07525,0.08962,0.37822,26.08,24.63,24.75,38.71,1.8606,1.8352,1.8399,2.079,1.0923,1.0925,1.1111,1.4753,0.4107,0.3968,0.398,0.5026
737393,11/29/2018 0:00,Cherokee,98.02,98.72,97.44,101.29,4.82,-3.56,14.36,5.11,-3.56,14.36,63.49,80.76,38.97,62.21,80.76,38.97,0.39,0,19.53,1.69,1.68,6.12,3.03,8.17,124.13,52,129.34,48.98,4.74,7.58,2.74,5.14,6.78,3.88,4.96,5.38,6.01,7.88,0.07494,0.07219,0.08832,0.37374,26.31,24.04,24.71,38.51,1.8655,1.8227,1.8391,2.0759,1.0931,1.0887,1.1095,1.4696,0.4129,0.3908,0.3976,0.5015
737394,11/30/2018 0:00,Cherokee,97.67,97.97,97.35,100.85,8.93,1.12,17.79,9.44,1.12,17.79,78.74,94,56.36,79.65,94,56.36,0.29,0,18.3,1.58,1.28,4.63,2.19,6.33,54.07,76.35,70.63,76.32,6.51,9.53,4.08,6.52,8.25,5,6.41,6.49,6.73,7.91,0.07869,0.07378,0.08957,0.37416,26.39,23.79,24.62,38.48,1.8671,1.8175,1.8371,2.0753,1.0977,1.0907,1.111,1.4701,0.4136,0.3883,0.3967,0.5012
